Id,BookISBN,SellerId,Quantity,Price,Location,IsNew
1,0671649949,29e66460-b124-4535-908a-3311313840db,1,10.0,Campus-1,True
2,0374270325,9d3ab1c1-c594-49df-b62b-101f6650b7ba,2,11.0,Campus-2,False
3,0064472264,1897ace3-298e-4a44-8e62-4605798efbfe,3,12.0,Campus-3,False
4,0060188731,24c7412a-a6e8-4dd5-a910-5729ec0abed9,4,13.0,Campus-1,True
5,1561672033,cbd2e762-55ca-4a6f-83ec-7f8e04114270,5,14.0,Campus-2,False
6,2070417743,872d9376-5723-433f-aacc-29d24aaa5944,6,15.0,Campus-3,False
7,8429736131,10e32754-91f2-4799-a1d2-f0e6e4d24d50,7,16.0,Campus-1,True
8,0553582747,5df10fe4-5979-4827-97d3-03a31e22ca1a,8,17.0,Campus-2,False
9,8472227421,d809ab49-f285-42c0-829f-e7c29a3f2d05,9,18.0,Campus-3,False
10,067170124X,979d9a38-03d4-4eec-b532-7c8138354f17,10,19.0,Campus-1,True
11,0670815373,84f10e18-8baa-409d-8ae0-0efc669757e6,1,20.0,Campus-2,False
12,0872200760,fc40e0e6-9556-43cc-81e2-e4d8a7f61165,2,21.0,Campus-3,False
13,0671867156,a5ad543c-6233-4241-a89a-830cc3643103,3,22.0,Campus-1,True
14,0345435869,e2bab277-a0a2-498d-86ff-fd5fadb94a9e,4,23.0,Campus-2,False
15,0671023616,1e82db93-67a9-4767-aa46-0a8116295823,5,24.0,Campus-3,False
16,0842336214,319ccf43-c286-4020-a049-ca297e4686e1,6,25.0,Campus-1,True
17,0345346971,933fbf18-0a5e-4651-aabe-334ff2a88307,7,26.0,Campus-2,False
18,0553564528,5a550e7a-c6c6-4276-b271-a12aa04aa7d1,8,27.0,Campus-3,False
19,0671004573,fdafe4c7-dcc9-4b58-9497-15e7e1081573,9,28.0,Campus-1,True
20,8440616252,98047dfe-5b4c-4c65-82c1-c1e8414b53cd,10,29.0,Campus-2,False
21,8478097732,fb316908-b31e-4cf9-84b6-c2375e72291f,1,30.0,Campus-3,False
22,0375751513,c598fe0a-c080-48e1-b95c-d61e4fab5cf9,2,31.0,Campus-1,True
23,0060083298,518ded05-c10b-4b1a-a304-9eccf8a42826,3,32.0,Campus-2,False
24,0312422156,d07eb5db-4420-4aad-a8db-0d524ab917d3,4,33.0,Campus-3,False
25,0553574175,3222caaa-6ee5-4559-9c82-a26231533785,5,34.0,Campus-1,True
26,0130139165,4950bb4e-6217-4035-b574-e982f37ec75d,6,35.0,Campus-2,False
27,039914370X,f1e76bd6-fe71-4fcc-a442-ac4c19509493,7,36.0,Campus-3,False
28,2070423204,ebc50fca-c399-4836-a45b-bed37db9bd66,8,37.0,Campus-1,True
29,0316666343,55faf3a2-6300-456a-836e-a953f9f334d1,9,38.0,Campus-2,False
30,0803233019,d898c78a-8147-43e9-95f5-cec026a33c98,10,39.0,Campus-3,False
31,0373871562,8da158c0-940b-4e3c-a5ee-ccad99828855,1,40.0,Campus-1,True
32,3596144434,973bc97c-4a06-4383-b9e2-b764cb7de608,2,41.0,Campus-2,False
33,0684180200,943aef97-68e2-4443-9a27-236020ff6fd8,3,42.0,Campus-3,False
34,0312252617,a52724cd-460e-42de-ae3e-77dba63e3471,4,43.0,Campus-1,True
35,3257208626,fc4d355c-193d-4168-985d-2d9f0605197f,5,44.0,Campus-2,False
36,0571209521,ab4f1e28-14e4-4add-b8b1-84ae22ede8aa,6,45.0,Campus-3,False
37,0553347594,a6cf7a04-c657-44e8-bd51-6c7bc1ce16d9,7,46.0,Campus-1,True
38,1853260622,63b00c30-3dac-4ff3-b1b2-45f9895ed7da,8,47.0,Campus-2,False
39,0743424425,af57f025-3b19-41e2-a625-eb1eed91ee48,9,48.0,Campus-3,False
40,1853260053,8364cc37-15e3-4827-a833-70d30549df7c,10,49.0,Campus-1,True
41,0446300101,6081f536-397a-477f-9e5a-9bfb0ae1af36,1,10.0,Campus-2,False
42,1558744150,91a98998-ecb9-45df-b529-725d5877e43f,2,11.0,Campus-3,False
43,0915811537,c0e5e6c4-4239-46ef-b547-d0d53138b81b,3,12.0,Campus-1,True
44,0671525832,233defa8-54ff-4afc-96a3-d16b6b0bd24d,4,13.0,Campus-2,False
45,055356451X,f16ee8d3-d370-4c66-99ba-03f7c2b671fc,5,14.0,Campus-3,False
46,0486285529,f2cf6107-668e-4a54-a22a-11214a9f4a04,6,15.0,Campus-1,True
47,0553285343,05608cd0-966b-43f1-8e9e-51fb3c103aa0,7,16.0,Campus-2,False
48,0812923278,87f7ddb4-d079-4900-ac25-4b088b183cee,8,17.0,Campus-3,False
49,0609804618,cc8ee12d-7c90-4f98-b261-e79fc2056a79,9,18.0,Campus-1,True
50,3596292646,f787409b-51eb-44a1-b54e-b12f49fdec8a,10,19.0,Campus-2,False
51,1567407781,db1bc6d4-dcee-4014-94e3-0ddc092c7021,1,20.0,Campus-3,False
52,0316735736,13f52de7-29a0-4410-b7bd-d225d9b27e8e,2,21.0,Campus-1,True
53,156341029X,a3c7ed63-4d59-4114-a143-400ad36aae85,3,22.0,Campus-2,False
54,0002005018,858cf31c-0169-4036-9fe4-be355e255073,4,23.0,Campus-3,False
55,0375726403,c82cff62-424c-44eb-9f5d-11434c9b4e30,5,24.0,Campus-1,True
56,0140286276,973b407c-48e8-4905-b002-0d5e18fe365d,6,25.0,Campus-2,False
57,0590450875,3816c244-0f76-4160-816e-e9f58bc8c216,7,26.0,Campus-3,False
58,0446610399,e5a9dade-e659-4894-b6a0-454503e187cc,8,27.0,Campus-1,True
59,0553584383,0bbdaeb9-0478-4561-9413-b8ee2368343c,9,28.0,Campus-2,False
60,229000510X,e4348472-5f2a-433d-9da5-461c2b1109cb,10,29.0,Campus-3,False
61,0451625889,8ce15d73-a030-4bec-9fc7-ee0522b4e64b,1,30.0,Campus-1,True
62,0553062042,c3f3085e-a7d7-4291-a9ef-49a1d4afe6b9,2,31.0,Campus-2,False
63,0380792664,305a56a7-784e-4a2f-8a8b-c910fc51e0c6,3,32.0,Campus-3,False
64,1558505377,fe0833f9-94c0-4946-9d37-3097dc840c3e,4,33.0,Campus-1,True
65,0440117291,dc984a08-f9bd-4401-b59e-c5759ee356d4,5,34.0,Campus-2,False
66,0449907481,a77c0748-3636-464e-89ab-688f498f7b2b,6,35.0,Campus-3,False
67,0316693006,1e14a50b-9d0a-40b9-b17b-ddd24c16a000,7,36.0,Campus-1,True
68,1562827049,ae26efe6-5ff2-478c-90f3-a4238f95b8d1,8,37.0,Campus-2,False
69,0618173870,644345de-a071-4011-9277-6a06e232ab8a,9,38.0,Campus-3,False
70,0590418858,cb4af3ac-7c97-487f-9c78-eacc672a20f9,10,39.0,Campus-1,True
71,0679777431,894992d2-c076-408a-b5ff-73e890b84431,1,40.0,Campus-2,False
72,1853260673,2b1b6008-478a-4b1f-b047-5cc2b6a8d710,2,41.0,Campus-3,False
73,0671521519,fa4a8448-feb7-4e09-a265-6734201ded3b,3,42.0,Campus-1,True
74,0061099325,02aaaf54-fa4f-4c81-aefe-de6169bed30c,4,43.0,Campus-2,False
75,0553561618,e3284fbb-63e3-4921-8811-3c9ac1d6d1b7,5,44.0,Campus-3,False
76,052594463X,fe83311c-8883-4048-9037-de9430ff48a4,6,45.0,Campus-1,True
77,0440225078,26db2f6a-b75e-4fab-8617-fc749cfe649d,7,46.0,Campus-2,False
78,8445071408,55f3d820-c8d9-434e-b0d8-bc421f6e0d0b,8,47.0,Campus-3,False
79,0940322978,6da3bd13-0fac-4705-8e5e-0185d42978f1,9,48.0,Campus-1,True
80,0679810307,ab062126-0530-4fee-88a4-021d1a0c1c06,10,49.0,Campus-2,False
81,2253007102,8491df9f-1af7-45cd-a5da-8b0ad3d351b7,1,10.0,Campus-3,False
82,0345391691,bb3a4d94-bb18-4ad4-864d-6fc1e38ef346,2,11.0,Campus-1,True
83,1569871213,76af1336-565a-46ad-9c20-3a38e84400f1,3,12.0,Campus-2,False
84,0743213831,815fd724-121e-4e4f-aa04-651e29e3477d,4,13.0,Campus-3,False
85,0451450256,86cd534f-b7a7-4772-9088-46ed82d7bce8,5,14.0,Campus-1,True
86,0517201658,19782118-3590-49ab-b0dc-f092ae2ed86b,6,15.0,Campus-2,False
87,068983585X,0da472d2-a6c0-45fc-ae18-bcbae708ea6d,7,16.0,Campus-3,False
88,0345433173,252f13ee-77da-44b8-b228-a6d69c5560f4,8,17.0,Campus-1,True
89,0553581279,e86bc599-a7dc-456a-be59-4450e1ef6ec9,9,18.0,Campus-2,False
90,0451525221,4256ea85-21b6-4cb6-b110-99161f50d799,10,19.0,Campus-3,False
91,0316116025,0da0e79f-58fe-40bd-b561-8dee9ef74c32,1,20.0,Campus-1,True
92,3257203659,77e487e4-3ad2-4ca0-aefb-e6241d0d4238,2,21.0,Campus-2,False
93,0515122408,35895f18-0bf7-4a64-a7e6-30712f1b933b,3,22.0,Campus-3,False
94,0330484516,ef7e4404-b79a-4914-ae09-560977e5f525,4,23.0,Campus-1,True
95,0345428544,9b89f377-374f-400d-ba8d-6237dc867183,5,24.0,Campus-2,False
96,1900850303,294dd332-4f68-4398-8987-2b1c99e9590a,6,25.0,Campus-3,False
97,0812523385,29a58aa2-faa4-42b3-bfbd-c4327f1958c4,7,26.0,Campus-1,True
98,0425139069,cbe4e7ab-b913-4011-815e-6dda31aeeb51,8,27.0,Campus-2,False
99,0609605925,0736bded-3700-4bec-bb21-d938533a2990,9,28.0,Campus-3,False
100,0451204050,9ce3dbf5-0901-494c-ac78-a9f977c688aa,10,29.0,Campus-1,True
101,0679865691,3becf21e-a3fd-45e5-b327-6bc7a1bc57d8,1,30.0,Campus-2,False
102,0425161722,08c76978-86bc-4cbc-8e10-62ca575e814c,2,31.0,Campus-3,False
103,0345425294,39162856-c9ed-43f7-88ed-b2bcde14960b,3,32.0,Campus-1,True
104,0060621257,c59f73fd-5aaf-4d00-a406-6b36edd32326,4,33.0,Campus-2,False
105,0060913509,9687d45c-1982-44c7-9220-6a2eec7d0cb8,5,34.0,Campus-3,False
106,0600586898,56f74676-d7dc-4d0f-aea8-60cc6b738ee3,6,35.0,Campus-1,True
107,0590406019,3373eaa3-2bbb-41a0-9e33-7fc32a93e590,7,36.0,Campus-2,False
108,0395877563,12ff6b46-942e-499e-ab88-ea42f82cbb3c,8,37.0,Campus-3,False
109,080901582X,173f43cd-1bc6-48b4-808a-1aa9f35fb7f6,9,38.0,Campus-1,True
110,0446527165,1ad087e8-5de5-44c0-a2a7-444936bbb384,10,39.0,Campus-2,False
111,0312283784,2e4bca37-aaf8-4ab5-bdef-dbd054e6bccc,1,40.0,Campus-3,False
112,0375801677,4d7e7d96-b3c2-40a8-98b0-8cc8b2f8b138,2,41.0,Campus-1,True
113,0439042917,cd9ec33f-2372-4a07-bf83-dea8b18a9e78,3,42.0,Campus-2,False
114,0671018930,4aa85909-bb97-40c2-bc04-03e43ebb254d,4,43.0,Campus-3,False
115,0345391802,7e655351-ed67-4507-94ea-bb5b4b76376a,5,44.0,Campus-1,True
116,0312980388,b5b5598a-1d6a-41f7-ab61-1987e4647aea,6,45.0,Campus-2,False
117,0553583468,fca849ad-c9ea-42fe-8550-08a24ba0a065,7,46.0,Campus-3,False
118,0786868716,a6aa6736-99e1-43b4-a2d5-ee68a7699e8d,8,47.0,Campus-1,True
119,0393321576,c8410e74-1212-42bf-a2e0-296e82dc0866,9,48.0,Campus-2,False
120,0312906552,a7434296-afc7-426d-8d89-15aba12904e2,10,49.0,Campus-3,False
121,0486272745,53fb20bb-ac64-4238-8d49-08a55b14e9f6,1,10.0,Campus-1,True
122,0743230051,04559c2d-6841-4b9a-948a-2ad192819e9f,2,11.0,Campus-2,False
123,0440218535,3fcd8e00-916a-41da-b4d4-d30ecfce8010,3,12.0,Campus-3,False
124,038533334X,0da32c4a-bd00-4ff2-b9a7-296e052b4526,4,13.0,Campus-1,True
125,0812575954,7659736f-676d-4de8-9404-8aba16ff8ac5,5,14.0,Campus-2,False
126,0849953014,e006bfb3-0bca-4847-8e2c-ff939c034ac3,6,15.0,Campus-3,False
127,0060914068,5f16e6f9-de49-4eda-8436-2d1e68a076cd,7,16.0,Campus-1,True
128,156971620X,e32d3f9e-de9b-420c-9321-52b779b978ba,8,17.0,Campus-2,False
129,0380709260,9c5eeb80-6cf4-435f-b500-9e9a2427bb10,9,18.0,Campus-3,False
130,1405200677,553e1da3-25c0-473b-b764-c821275b55c4,10,19.0,Campus-1,True
131,0449005615,7b32d49b-853b-494e-a6a9-f0764ec14008,1,20.0,Campus-2,False
132,0345313860,7546ae04-1ccc-4baa-9199-38973fba9a6e,2,21.0,Campus-3,False
133,3462021095,54f8cbb6-6666-43f1-9dc5-521e3aea4ba7,3,22.0,Campus-1,True
134,0865050880,b5d45e23-18fc-4194-9b1e-01a571d9e027,4,23.0,Campus-2,False
135,0679401377,14ab69f8-9ed5-464c-b678-59443cec8552,5,24.0,Campus-3,False
136,0515118656,1ba716e2-0c65-43cb-b605-8024378bae50,6,25.0,Campus-1,True
137,0805056491,e40cef43-5403-4514-b26c-e1fa9fde0207,7,26.0,Campus-2,False
138,0830714014,3fe19846-4754-4323-98b5-cf8c64ad8aa2,8,27.0,Campus-3,False
139,0452283914,2aec59dc-288c-4aee-9895-a46ee197a80b,9,28.0,Campus-1,True
140,0486284735,e364ca95-fce1-4689-8838-539472f7e0cd,10,29.0,Campus-2,False
141,038549825X,467677c3-30f6-4634-b114-fdde737a56bf,1,30.0,Campus-3,False
142,0385503857,6cbdf27c-2136-47b9-919e-b33786ac0cf7,2,31.0,Campus-1,True
143,8420639133,4bc8ea90-25ca-4998-a980-1366a98368ee,3,32.0,Campus-2,False
144,1880185008,abd7cc25-3422-4052-9e35-c52bff2fe6f7,4,33.0,Campus-3,False
145,0671870432,c63c47ea-9de4-482c-9e0a-39c0c01186a0,5,34.0,Campus-1,True
146,155874262X,0f99a117-de5c-41f7-9c62-c06621b62a79,6,35.0,Campus-2,False
147,0771076002,e4beaba1-d57d-4662-96f7-247ea3698d38,7,36.0,Campus-3,False
148,0307118703,635e02ea-94ad-4635-a611-ec9d1637b37f,8,37.0,Campus-1,True
149,0785263292,98afcaa0-96a9-4931-9034-fde28dbb9b65,9,38.0,Campus-2,False
150,0671694049,f0537a0a-7728-4c19-8136-f3e28930371e,10,39.0,Campus-3,False
151,0425163091,e3b45726-3820-4251-bf25-77f96cedfadd,1,40.0,Campus-1,True
152,0425169626,2381e71f-cabf-4f93-a9e4-845800b6aa4b,2,41.0,Campus-2,False
153,0394586239,b0600e39-299d-47e0-b206-05e2a78819e0,3,42.0,Campus-3,False
154,0897322339,8d57e117-6267-47a7-8a23-63bf4fe9d6db,4,43.0,Campus-1,True
155,0060917016,2772ef55-b7c0-4c7a-b80e-9a5605e69089,5,44.0,Campus-2,False
156,0440234743,59905f4e-e820-48fc-91a4-eb0535fda603,6,45.0,Campus-3,False
157,0609606727,5f2f6ee3-e3a8-4c30-b077-92d8f8fb1cab,7,46.0,Campus-1,True
158,0345402871,6fbfdfef-94ce-41af-9888-a8ddf3a24400,8,47.0,Campus-2,False
159,039575514X,5377c3bf-caf9-413e-815c-51e04716b72a,9,48.0,Campus-3,False
160,0446523569,4b81da1d-6b8d-4b0d-b1b1-e55d00b0c4e0,10,49.0,Campus-1,True
161,0905762487,b436c56e-e988-432e-bab4-4c73f1115ac5,1,10.0,Campus-2,False
162,3404921038,b36c9a35-b7b8-432e-a67e-1523ebfa3f58,2,11.0,Campus-3,False
163,193072229X,f6366179-f6ed-4dd6-a4b0-13394f5de55c,3,12.0,Campus-1,True
164,0679725393,a2edd455-ceb1-4051-a1fd-c89edc3560e2,4,13.0,Campus-2,False
165,0375403582,a974cca0-bcbb-47ce-bd3b-de1047a13ab1,5,14.0,Campus-3,False
166,0060809027,82bb1842-e6da-4484-a217-bc2558f6317b,6,15.0,Campus-1,True
167,0061000280,fb5b71d0-fc2e-4b15-b04d-2a27567c62da,7,16.0,Campus-2,False
168,1561011525,5965897a-58c3-4f59-8e18-cb48e91eeb0c,8,17.0,Campus-3,False
169,0446527793,08b22253-0140-4a04-b0e9-8bbc084977a9,9,18.0,Campus-1,True
170,0671525794,736b3c92-08c8-4864-8576-b00a38d71269,10,19.0,Campus-2,False
171,0312970242,722cf8cd-4416-4500-b082-97571797fb68,1,20.0,Campus-3,False
172,0804106304,145918b3-a64f-48e9-ac8f-30be220f690f,2,21.0,Campus-1,True
173,074345829X,f63b7846-130f-422d-bcf6-2a11d58fbe23,3,22.0,Campus-2,False
174,0060938412,f93b6be2-a5c5-4f9b-b04f-bbb4c40406c5,4,23.0,Campus-3,False
175,185424597X,1651e374-bb04-4152-aa2f-95428ffbb291,5,24.0,Campus-1,True
176,0312206763,404e0af4-bcf5-4f18-a459-081b409b45f5,6,25.0,Campus-2,False
177,0804001944,03e73bbf-4d07-49cb-9d9a-24da65cf3f02,7,26.0,Campus-3,False
178,0312872682,7e1e77f4-a08c-471c-8320-fdc5c819ea8f,8,27.0,Campus-1,True
179,0393020371,4fe26732-fca2-4a73-873f-855386af5f46,9,28.0,Campus-2,False
180,0449245691,555da190-660b-4be3-a500-671f8bafb8b6,10,29.0,Campus-3,False
181,0385335407,ae39f2a4-ec20-49e1-83cd-4048964245be,1,30.0,Campus-1,True
182,0060927240,6574134a-f747-465e-b56f-55ef41988d3b,2,31.0,Campus-2,False
183,0425184226,68a0fa0c-a005-4f17-81d7-a89c5d6fb749,3,32.0,Campus-3,False
184,1881320189,6f1784d4-62b1-4789-8f42-361722b8d01f,4,33.0,Campus-1,True
185,0312953453,fe64e201-8aab-49c2-ae4d-24210efcdad6,5,34.0,Campus-2,False
186,0449202631,804784bb-e3ef-4125-a156-8b579c228043,6,35.0,Campus-3,False
187,1558746218,cda67fca-6cab-4aa4-89ca-c18408522662,7,36.0,Campus-1,True
188,0425184129,0460781c-e7c3-482f-ad82-823cfd2e2883,8,37.0,Campus-2,False
189,0892967994,dde8cffa-94e1-49f9-a886-5216029247eb,9,38.0,Campus-3,False
190,0399138684,498fb1f4-2c5d-4e4f-93eb-14d5c9e5c67e,10,39.0,Campus-1,True
191,0671621009,7b929c62-cc5e-42ec-89c6-5cbc6b10b071,1,40.0,Campus-2,False
192,0671042858,a082c10a-e507-47cd-88d6-a9e3442fd82e,2,41.0,Campus-3,False
193,1573225487,31b89475-248c-4a09-8824-089d56b4771a,3,42.0,Campus-1,True
194,1401201172,cfc76ba4-a4e7-483d-8aba-188ff0e047bc,4,43.0,Campus-2,False
195,0520011171,985017c9-c0c8-466d-9a2c-c9ceaacc0a95,5,44.0,Campus-3,False
196,3442410665,8c49513a-98c3-4113-becd-0202929e209f,6,45.0,Campus-1,True
197,156718796X,1a4e4b4d-b575-4461-8ce3-d0ea1a4c82f4,7,46.0,Campus-2,False
198,0345413369,323e0e3c-2b38-42f2-8ee3-0ee6d0865932,8,47.0,Campus-3,False
199,0451186648,686e31b6-7dc9-4db8-a254-02577768d136,9,48.0,Campus-1,True
200,0812524853,0df343d0-de19-41ca-89a7-30c1be2dd462,10,49.0,Campus-2,False
201,0345297709,213327d4-d5bc-4904-9769-caa461540c00,1,10.0,Campus-3,False
202,0385504209,70ada5ad-677e-41a4-8fa3-ef03fabb3332,2,11.0,Campus-1,True
203,3548254268,eb4272a3-ae44-4db3-8a76-fb8a46f931db,3,12.0,Campus-2,False
204,067153484X,b370def8-50e2-4647-94f4-dde64ae03527,4,13.0,Campus-3,False
205,0670031046,c1d107cd-71f4-4e31-bc53-f3eda370a47a,5,14.0,Campus-1,True
206,0812521129,0d429b88-08ee-4040-a5d9-8ce0f7932d4c,6,15.0,Campus-2,False
207,0312287240,2be437ca-34e7-4ac0-9ab0-e5f2aeb535b9,7,16.0,Campus-3,False
208,0439221684,b924e1f5-d4a9-4f66-8f5a-08e27abf7179,8,17.0,Campus-1,True
209,0771088191,ccb6a386-3465-4d0c-9670-0f2e4576c2a0,9,18.0,Campus-2,False
210,3453212150,97e021dd-0223-4509-95ab-2160a98dad8a,10,19.0,Campus-3,False
211,1573228737,74323145-5d10-44bc-89c1-1132068456e3,1,20.0,Campus-1,True
212,0440949424,a0ae69ae-ded6-46de-91e9-1d5b069d1882,2,21.0,Campus-2,False
213,9724119378,e2f048fa-a6f8-4986-bd6b-107ba8b65788,3,22.0,Campus-3,False
214,0140622063,0d8985d6-488b-4395-9ba5-80ece2dbff36,4,23.0,Campus-1,True
215,0449207757,8e8195fa-ec28-4baf-a56e-1faa13e74d38,5,24.0,Campus-2,False
216,0060932759,3f9929c4-805d-4312-9c30-beb124ce0bed,6,25.0,Campus-3,False
217,0452279690,fb6e0f77-7152-4a8b-a87c-f3f7ac37b9d6,7,26.0,Campus-1,True
218,0156528207,d1dd82f6-2f80-4407-8e4d-edf6925dbbc1,8,27.0,Campus-2,False
219,0385511612,a7d4ab36-b439-496b-9bbf-93ebd1751213,9,28.0,Campus-3,False
220,225300670X,ce4f25dc-ca86-43ff-afbd-a443dc155d81,10,29.0,Campus-1,True
221,0061040967,95786235-3484-405a-ac2b-bff85c972975,1,30.0,Campus-2,False
222,1575843366,7f453671-73f1-44ff-a406-6eca213bbbf5,2,31.0,Campus-3,False
223,043922165X,5bbd3de1-e5aa-4d68-b59a-82db65fae6df,3,32.0,Campus-1,True
224,1928791107,52040848-278f-4db2-8976-9b6de40d09fc,4,33.0,Campus-2,False
225,3442098424,4aa9dace-d321-4f11-aded-a815218a4ed8,5,34.0,Campus-3,False
226,038078243X,4ebce345-9fa8-43d1-bc28-b8d170652c01,6,35.0,Campus-1,True
227,0380973545,20bb92ff-a154-4bc3-bd39-51876d7db2e6,7,36.0,Campus-2,False
228,0590431110,35360b6a-41df-41a4-81d6-00339e949257,8,37.0,Campus-3,False
229,1551668785,8928e098-9670-4573-945b-bf916d866795,9,38.0,Campus-1,True
230,0684822733,23e5704c-4159-444d-9b6e-1433f759ef8e,10,39.0,Campus-2,False
231,8484509141,6aa0b496-d06e-4c2d-8336-6e8381a18433,1,40.0,Campus-3,False
232,0679767789,c4f966c3-7a52-4097-b185-d12d27c9a411,2,41.0,Campus-1,True
233,0140382658,3be47a25-8eb7-4cda-ade0-e643424ff7c6,3,42.0,Campus-2,False
234,0553107305,b95ca732-948a-40d8-96dc-7c9f4af33e0d,4,43.0,Campus-3,False
235,193156146X,09622257-d156-44ba-9bfd-5ad2f4fa14b7,5,44.0,Campus-1,True
236,0375400117,10abdb9e-7a99-4973-81ef-c131ddd8c1ee,6,45.0,Campus-2,False
237,0671779338,a6cd7df3-b292-4497-956f-ce3ab4f98b15,7,46.0,Campus-3,False
238,038081840X,0974f5bd-d80c-4dc5-beb4-f1ae5a73b136,8,47.0,Campus-1,True
239,0345418778,b0a2c620-7bc5-4b0f-8207-77a349b1c3f3,9,48.0,Campus-2,False
240,3518111000,d1ad2aa0-0181-4837-85e4-19f0388cc469,10,49.0,Campus-3,False
241,1552041778,bb815c82-6b71-494f-8c56-a9b54a25693d,1,10.0,Campus-1,True
242,0451206673,bcafe5d5-68a6-4c40-8f87-c993f483375e,2,11.0,Campus-2,False
243,0684833395,130203f9-2675-4ba3-bb5b-df012c4f5624,3,12.0,Campus-3,False
244,0385495145,46e3671b-f038-41a2-832a-40b3e9a773b7,4,13.0,Campus-1,True
245,0060558865,f88fe661-d664-4d2e-a083-c50fec958716,5,14.0,Campus-2,False
246,0516076272,0eaf2ae0-89d6-4430-8d69-a945571630af,6,15.0,Campus-3,False
247,006102063X,de6a87da-3b92-4db4-b098-00fe6ffe1fb9,7,16.0,Campus-1,True
248,0393030342,47f09351-4ecf-44fb-b6da-fa9a4eefc686,8,17.0,Campus-2,False
249,0446519138,65d7035e-6be2-4b7c-b0e7-1abbc6893157,9,18.0,Campus-3,False
250,3492207006,8cbf2746-d3ad-4114-b7f7-d8d8adcc24b9,10,19.0,Campus-1,True
251,067976397X,a58f5f4b-a791-44d9-aed8-ebf03aa86070,1,20.0,Campus-2,False
252,068484267X,7113e8ec-7d52-4b7b-9979-08b2f5eed0d1,2,21.0,Campus-3,False
253,0743201078,dcaa3e0c-2e25-4b68-b0cf-80ed9914e1c5,3,22.0,Campus-1,True
254,042511774X,16aaccf9-bc8b-455d-9e08-23b479fd4af4,4,23.0,Campus-2,False
255,0451526341,dee7cc61-0468-4456-90bb-2a14ccb1d5d2,5,24.0,Campus-3,False
256,0425176428,c6ed85d4-6f50-4a1d-abea-b59733341e96,6,25.0,Campus-1,True
257,0340767936,4d2c2aed-e71a-4ebf-b8ec-180204f8c715,7,26.0,Campus-2,False
258,0749748001,6add519f-8406-4da1-8e99-9924a48328cb,8,27.0,Campus-3,False
259,1573225126,277dc37b-9657-4a89-b4c1-5465bd49237c,9,28.0,Campus-1,True
260,0449911683,32779354-2c85-4107-b2bd-4cec561bef01,10,29.0,Campus-2,False
261,037582345X,fa835803-ca50-447b-8e61-a1613aaf9e88,1,30.0,Campus-3,False
262,1563892278,21442a06-7e86-4628-bac6-7a40d6c3b3d8,2,31.0,Campus-1,True
263,0440235502,baf7baa3-cd0d-4408-ba6e-c6eb308077a1,3,32.0,Campus-2,False
264,0446606197,39ac2ee1-e168-4d79-a0f5-03fe3f8b7383,4,33.0,Campus-3,False
265,0684824442,71d3a692-395a-4ae7-bae2-6c02e0df2c86,5,34.0,Campus-1,True
266,0385500769,36b2877d-2df6-4bc7-b9b2-182d9bcd702f,6,35.0,Campus-2,False
267,0394574745,c5e1b24b-9e1d-4f05-9e30-3bf60d607e2f,7,36.0,Campus-3,False
268,0394551427,ef621de5-9f66-4dc0-99d5-cc82a615a093,8,37.0,Campus-1,True
269,2253063339,a4a91365-1e64-4df2-8bb4-8e75ff98ea45,9,38.0,Campus-2,False
270,0449207544,c0da2c0e-78b0-4f70-a590-d30b8fa17c70,10,39.0,Campus-3,False
271,0671868713,13c9b1bb-50e8-42c1-873d-0b9af9bd0e91,1,40.0,Campus-1,True
272,0440222303,95a38c8c-8bd3-41cb-a9a2-b60e5ddaf032,2,41.0,Campus-2,False
273,0385497466,6b248ce8-b272-441a-873c-d276fdad1535,3,42.0,Campus-3,False
274,0965746828,7bb61bc9-25f1-41d3-83cb-96617294aadc,4,43.0,Campus-1,True
275,0941423042,4ef7f588-67e0-46d6-b92e-8012e5d4b2d2,5,44.0,Campus-2,False
276,0439221730,db6e7adb-9c30-4eb0-b8dc-8b10dcdbb7d8,6,45.0,Campus-3,False
277,0786015276,608a0e87-362a-4bce-8f31-9cb8bd156661,7,46.0,Campus-1,True
278,0553278746,81bd6e35-14d9-4ac8-b768-4011a6fb0d09,8,47.0,Campus-2,False
279,0486292940,aa160c6e-b59d-46ea-b6bc-87dfd91d00ae,9,48.0,Campus-3,False
280,0836230868,a4dad341-0784-4785-a31c-a73f1fa67c32,10,49.0,Campus-1,True
281,0380754509,34c03ea6-0518-4c17-b8d2-1eafde0cab52,1,10.0,Campus-2,False
282,0375814248,3925cbb9-be78-4caf-85b8-83a92e2b2fdc,2,11.0,Campus-3,False
283,0553212583,25730c82-609d-490d-b1e3-ff7c66811de9,3,12.0,Campus-1,True
284,0449001954,009f1499-4b8f-44ae-952b-8c39207ce894,4,13.0,Campus-2,False
285,0380754851,ed8fe29a-52e8-459e-92bd-0c7becfeaa8d,5,14.0,Campus-3,False
286,0679429220,fcbb8045-2c56-4e7b-b9c9-fbd861258c05,6,15.0,Campus-1,True
287,0316782505,dd1c7b46-1a00-4070-a1c8-411a652cbdb4,7,16.0,Campus-2,False
288,8433914545,a4b2f49d-e4c7-4962-bf48-aa91c8618861,8,17.0,Campus-3,False
289,0140185216,9deba9e7-c380-481e-9d59-d61fe5d35a6b,9,18.0,Campus-1,True
290,0425120279,c1ce5859-c646-453a-afe3-41bb60ea0e71,10,19.0,Campus-2,False
291,0743444167,67f6a6dc-2880-4fca-92bb-c2f4f9500307,1,20.0,Campus-3,False
292,8429734996,6616a701-2687-4c07-801f-990db0b24bee,2,21.0,Campus-1,True
293,0849916399,c0b2fa73-508f-4713-949a-2cea691f458c,3,22.0,Campus-2,False
294,1903019699,dc0801f5-c415-488c-b058-7df4549ef390,4,23.0,Campus-3,False
295,0316748641,c53d69eb-bae2-4f98-92c1-9eb5d2d0da7d,5,24.0,Campus-1,True
296,0142000205,42b47a07-ebd6-4234-8864-995f6f0ccb4b,6,25.0,Campus-2,False
297,006017143X,e5f94a38-0e10-4525-ad4d-e7d9b19e8e7f,7,26.0,Campus-3,False
298,0945586051,a923ed89-1425-43ca-9d87-7a6d3c4e6023,8,27.0,Campus-1,True
299,0877192820,672d1465-cfd2-40ed-86c7-292a59c315fe,9,28.0,Campus-2,False
300,0740700235,1cbe828f-92ca-4db6-b35f-ad437fb68c31,10,29.0,Campus-3,False
301,0380538504,8d97b42c-725e-46b7-a451-4329bdda52fa,1,30.0,Campus-1,True
302,3257208634,117ce747-c198-4255-86ae-e7e3b4b8e0f6,2,31.0,Campus-2,False
303,0812541642,b40e0902-ce44-4fd1-b30c-9a5ad491269d,3,32.0,Campus-3,False
304,0451181379,4d75734f-b9a7-41ad-85a8-fdc4e7362ad7,4,33.0,Campus-1,True
305,0767903285,df9b01db-8c94-462d-b727-aec3880f95b3,5,34.0,Campus-2,False
306,0374157065,12419f7e-eb44-4960-aba9-abbf51f5567f,6,35.0,Campus-3,False
307,8486433193,78667283-2939-49d4-9566-415e10210691,7,36.0,Campus-1,True
308,0671673688,1aa612a9-ffa1-400c-a521-a04818eb52e8,8,37.0,Campus-2,False
309,3257201761,e5e7e9ed-69d6-4134-975c-7df0d7baa458,9,38.0,Campus-3,False
310,0684193957,98fd1f85-80ba-4ded-b0bc-0a88ef18d9f2,10,39.0,Campus-1,True
311,0316168815,9a54fcc0-0f17-45ae-a694-0f99d2a86404,1,40.0,Campus-2,False
312,0451406923,53535e81-6e24-4502-adca-d530b6ac152c,2,41.0,Campus-3,False
313,068983571X,19f32965-4d04-4df4-b844-66d17eb61ee6,3,42.0,Campus-1,True
314,0743222229,4faaffc3-6e0a-4790-bb56-41c728fbfff4,4,43.0,Campus-2,False
315,0749748028,1fed330b-cfb8-4bd7-8a5a-0a9dccccc437,5,44.0,Campus-3,False
316,0449002632,41f757df-59d6-4069-ad7d-d2be2df4fafa,6,45.0,Campus-1,True
317,0553574167,cd532fc4-ee7c-4ac4-90dd-cb175ee46082,7,46.0,Campus-2,False
318,0381999866,0ffcb5fc-20de-4500-bc4a-cd00f73d2f28,8,47.0,Campus-3,False
319,0449207595,48d53436-a10a-43f8-adfd-4b5f3d55a7b4,9,48.0,Campus-1,True
320,061312975X,07afa45c-d903-4c9e-897c-d3a4f5ed1bb8,10,49.0,Campus-2,False
321,0140104682,3f4f5afd-98bd-44c0-8cb2-e790e5696df6,1,10.0,Campus-3,False
322,0793133955,1b94d78d-6e95-49f5-a0b3-e57ecd66a379,2,11.0,Campus-1,True
323,0375705856,9484d2f1-24ef-431c-9730-512037bf5259,3,12.0,Campus-2,False
324,0380759497,1348d292-04c0-41be-bad3-914d43ebdea1,4,13.0,Campus-3,False
325,0441783589,407e8c11-1ece-4810-966a-70e8ac94cf9c,5,14.0,Campus-1,True
326,0811203220,03e1df68-b89d-4fd9-8df6-1397ad092195,6,15.0,Campus-2,False
327,0316735027,28573303-1789-4154-af84-d7aae2ad914c,7,16.0,Campus-3,False
328,0671742566,777a47b1-9bb1-402d-93ce-2bb124d0112e,8,17.0,Campus-1,True
329,0385416342,6c2162ed-4611-427a-8b5d-4ac8c70ea72d,9,18.0,Campus-2,False
330,0446677450,62a20352-aea2-4364-a7c4-2072d5ff5f9b,10,19.0,Campus-3,False
331,0425179672,43df3770-4001-44df-bd64-1ed324b028f3,1,20.0,Campus-1,True
332,0312143370,31d296ed-c584-4492-9593-743385c6ad1b,2,21.0,Campus-2,False
333,0061076031,76ccbd71-351e-41fd-a9b0-463b84cf7c35,3,22.0,Campus-3,False
334,080652121X,dfd4fa17-a8ca-47f4-aef2-920cc7ab0e43,4,23.0,Campus-1,True
335,0380717018,cc4f6e7b-d022-4266-803e-e89c015c8ad0,5,24.0,Campus-2,False
336,0062770500,436254ee-5756-467c-93e1-24cbf252a208,6,25.0,Campus-3,False
337,0425182878,6c5511ac-0d2a-4c80-82c8-32b0a59eb189,7,26.0,Campus-1,True
338,0679450432,34095f7b-8b38-4a03-a058-ef5f13681b6c,8,27.0,Campus-2,False
339,055358099X,25b9736a-0be9-4e43-bdbc-2fdd8c4f1cb7,9,28.0,Campus-3,False
340,3498020862,a47b9bc3-07ef-4772-a7d6-0f56230401ed,10,29.0,Campus-1,True
341,0312145543,6da9494c-4148-4a3c-bf0c-309b6f514819,1,30.0,Campus-2,False
342,0553562819,58213e6f-4cf4-46f0-8197-f07960359a14,2,31.0,Campus-3,False
343,2070384349,3900d46c-c3b4-48dd-8b7d-e5ab9920fa22,3,32.0,Campus-1,True
344,3423241489,2e6365e9-8870-4bdf-8e58-6ab11b71cdcc,4,33.0,Campus-2,False
345,0890877564,8d408b66-6d25-47a9-be9f-bd996464a0cf,5,34.0,Campus-3,False
346,0889740828,eb19b4cb-e0da-47d5-8a2c-4938bf312f02,6,35.0,Campus-1,True
347,0451195663,3794d69d-03ec-41db-9b00-5e37fc5e57c7,7,36.0,Campus-2,False
348,0451155750,14afbb71-2b4e-42aa-83ed-12b0f8f76a6c,8,37.0,Campus-3,False
349,0590870157,c1f311ee-c9f9-4b73-846c-965dfc0b9509,9,38.0,Campus-1,True
350,0393048977,9713404a-f2f5-48d3-b6d6-6d1cd149191d,10,39.0,Campus-2,False
351,0553582682,fa2212d9-1e93-4f66-828e-b2a1c88b1803,1,40.0,Campus-3,False
352,8477830029,147df9ed-3976-4df0-b2ba-a76b682f4461,2,41.0,Campus-1,True
353,0060801263,6b45ed72-4498-4cb1-929b-2c2472c142ce,3,42.0,Campus-2,False
354,0451410556,038b3d61-1d61-4d88-809b-9b1bd5c9131b,4,43.0,Campus-3,False
355,0618231617,51014213-c379-4020-80eb-557572c26816,5,44.0,Campus-1,True
356,039457513X,b21330fb-1591-413b-b354-fdcd67aa87fa,6,45.0,Campus-2,False
357,0316969443,40cf6ffb-2900-49f6-84f1-8017abe6dd8b,7,46.0,Campus-3,False
358,0684867818,35ae3eb6-831a-47b2-864a-c92d5f321dd3,8,47.0,Campus-1,True
359,0767905938,9f8232f5-8200-405d-ae99-d26afa7bcd1a,9,48.0,Campus-2,False
360,030720152X,1e2d72bd-6262-48b1-819e-d34b318b618b,10,49.0,Campus-3,False
361,0449006522,73492391-afda-4b4e-ac87-6c9d3ffe9576,1,10.0,Campus-1,True
362,0684864320,9da07127-4987-4bb5-a6f9-786aa49ddd46,2,11.0,Campus-2,False
363,0812521331,a0c49149-b94b-470b-8591-d2ffbcf8fc79,3,12.0,Campus-3,False
364,0679423079,643423a3-6b42-4418-94ad-2962be9ce930,4,13.0,Campus-1,True
365,0060987103,96020bbd-cc89-4d6c-8b5d-d72170906096,5,14.0,Campus-2,False
366,0684177730,49a3f3c9-1e8b-4756-9038-b7e28652d96f,6,15.0,Campus-3,False
367,2253043974,eb1c4183-fee0-4228-95cb-1a51ac386b56,7,16.0,Campus-1,True
368,0525944834,0e9def07-af67-4117-a828-376df3dadba7,8,17.0,Campus-2,False
369,0891091963,ce082c7a-3961-44b0-a0a9-dbbf6fc56ba4,9,18.0,Campus-3,False
370,0385508042,a93f42ea-35cc-4b8e-bca0-ec1417239d5e,10,19.0,Campus-1,True
371,0618119760,08749299-7152-4646-a140-96784280eb9c,1,20.0,Campus-2,False
372,0671888587,c2e590ca-3beb-4d51-9732-6e645bd3d7a5,2,21.0,Campus-3,False
373,8423324311,68a2d2e5-aedf-49a3-83b3-8d9f279b21de,3,22.0,Campus-1,True
374,8483002523,86e2fdd8-bc6b-4b86-9a7d-211b3a5a965c,4,23.0,Campus-2,False
375,006052779X,e3b25952-0459-4f7e-bcad-1affba07c9df,5,24.0,Campus-3,False
376,0590514776,1eb2bef1-8266-4064-8d93-611cd19c8809,6,25.0,Campus-1,True
377,3404121686,30eb5a67-fe19-49f4-983c-0f929ace93f3,7,26.0,Campus-2,False
378,0060192631,6e004d7f-8a05-4211-9539-8d55d6238826,8,27.0,Campus-3,False
379,0688169678,acbc9bae-0e15-443f-b4f1-ef1825abe0c8,9,28.0,Campus-1,True
380,0505524996,93f88e37-f178-4d3e-a8fc-64dca0ec98c7,10,29.0,Campus-2,False
381,0385327773,0fc0938d-a080-4bde-b4db-4dbc7374c427,1,30.0,Campus-3,False
382,0451185277,7d7185e5-f812-4434-a6c2-3abfe93d15f7,2,31.0,Campus-1,True
383,0927545373,09b79d7d-07d2-44a6-94b1-9d129ff30aae,3,32.0,Campus-2,False
384,0345356578,d2fd4937-542a-4327-a791-df2222bdf827,4,33.0,Campus-3,False
385,0553571486,4e971b5f-7b0e-4ce2-89af-5c443e3da2da,5,34.0,Campus-1,True
386,0525943862,f84d8769-8fba-4849-9786-d9bd5497c7c4,6,35.0,Campus-2,False
387,0440226694,a32e3bb5-9275-472f-b20b-7a3740800631,7,36.0,Campus-3,False
388,0152162577,b73e165d-ea95-4c2b-9cdc-718c2c03fdde,8,37.0,Campus-1,True
389,067103619X,8e02adcd-d770-42ff-982b-15c7bed8c4ab,9,38.0,Campus-2,False
390,0440222818,30691556-12b6-4e7b-ab6f-2d09ac3c35a0,10,39.0,Campus-3,False
391,0743439740,91d7da01-ff3f-4003-9f9f-cdeb8ea9c8ee,1,40.0,Campus-1,True
392,0385509456,6adefb17-1e92-4312-ba54-0e87bc45e411,2,41.0,Campus-2,False
393,0385472951,9a2d72ab-3772-471e-9a76-1286977fdd7b,3,42.0,Campus-3,False
394,0670856045,4ec032b0-084f-41c1-bb26-194be7b610e3,4,43.0,Campus-1,True
395,0345371984,01a89744-c60f-4369-881f-4c7ec7f3f6f6,5,44.0,Campus-2,False
396,0345441133,bd5ae195-534e-4907-b1d3-de3ba68b359c,6,45.0,Campus-3,False
397,0965404560,8c57f2a5-d174-4174-b955-9485b06c83dc,7,46.0,Campus-1,True
398,0486272664,cc7e3d10-cb31-415b-9c4c-5e3941eede18,8,47.0,Campus-2,False
399,0152162445,8fda44ef-f22c-4b43-8272-1d7dcec70b4e,9,48.0,Campus-3,False
400,0312965745,eacea447-0dad-442c-8e41-a7403b7433df,10,49.0,Campus-1,True
401,0060013117,851eb7c2-85b2-4cfe-878c-11f2d5cbb10f,1,10.0,Campus-2,False
402,044021145X,e38385bb-b6f8-4281-a146-40a88d8e8aaa,2,11.0,Campus-3,False
403,2871290911,b772a1c2-2f17-4e6d-bee3-d4bd6a60a60a,3,12.0,Campus-1,True
404,0380752115,08b99985-7ab6-454c-86ef-be5c325559cb,4,13.0,Campus-2,False
405,0375509038,f5dbebb0-db08-42d3-8a4f-4655f1fd1baf,5,14.0,Campus-3,False
406,0786868015,35199c9a-883a-4c5a-bd71-a9d7752fa72a,6,15.0,Campus-1,True
407,0962893862,e56954f4-5082-4461-9160-ae5668f65e4b,7,16.0,Campus-2,False
408,0452277337,96f7714a-e9d1-4656-8477-cdb0e844cf24,8,17.0,Campus-3,False
409,3499110695,7aa15d00-cbd9-440b-a649-f6cc383de8bf,9,18.0,Campus-1,True
410,0451208080,48602df1-7983-4b0b-8312-cf5a70b76523,10,19.0,Campus-2,False
411,0446364193,54ab33c3-4acb-470a-a0eb-39af1a243a54,1,20.0,Campus-3,False
412,0821775863,223cd25b-4760-41ef-898f-f14a65d28ede,2,21.0,Campus-1,True
413,0064407667,b51008e2-1bf5-41cd-b501-0083dfa232f8,3,22.0,Campus-2,False
414,0399148582,e0de6480-c522-4ae2-9a5d-73ec896ab49d,4,23.0,Campus-3,False
415,0440223571,5be6003e-5091-405c-a818-2ac711ac2c6a,5,24.0,Campus-1,True
416,0060925000,c216c89c-1fd3-400a-9cc1-31a7bf18ab9e,6,25.0,Campus-2,False
417,1592571301,e9161abe-340e-40ea-b3e1-be9589f51e3f,7,26.0,Campus-3,False
418,042517736X,fd3bc5c0-b436-4aa1-a4ac-ec1171f5b803,8,27.0,Campus-1,True
419,0062517856,8f852595-b9cc-4a19-8221-5d0bd595406d,9,28.0,Campus-2,False
420,0439221706,0ef225b7-1628-4b18-82d6-9cd6ac07126f,10,29.0,Campus-3,False
421,0553580388,7de8e7fd-fbc3-4960-8a68-fd14f787257e,1,30.0,Campus-1,True
422,0345451260,2e00ad3c-e9c5-482a-8e6d-0e5379f52228,2,31.0,Campus-2,False
423,1561561428,2db6b240-da74-444f-bbce-d6ccd1a89dfb,3,32.0,Campus-3,False
424,0151008116,c246c3cd-dedb-4cce-a0c1-c97137eb1339,4,33.0,Campus-1,True
425,0553278223,7adad512-464f-4c85-830d-61cd544e6157,5,34.0,Campus-2,False
426,0446672211,a80987dd-9547-4a48-a030-82ad942e73bd,6,35.0,Campus-3,False
427,0689832877,2ce785e0-710c-4591-a525-1f707ed2bc3e,7,36.0,Campus-1,True
428,0060168013,87f45690-7895-42ab-9e48-cf07ea39e011,8,37.0,Campus-2,False
429,0684801221,37d7fb27-4162-49bf-8ebf-412a3e40c930,9,38.0,Campus-3,False
430,0312288115,46ddb0c7-91f9-42cc-bfa1-3b1718c15141,10,39.0,Campus-1,True
431,0679603352,017ce5d3-7d7b-4786-b3b8-640de250b44a,1,40.0,Campus-2,False
432,1569471096,4cc31122-3def-4773-ab46-d80c77fec481,2,41.0,Campus-3,False
433,0743229878,da96bf93-3fbf-4ae8-b414-f8a96514c225,3,42.0,Campus-1,True
434,0743412621,860b0136-319f-43a7-9db7-c5fb53feef85,4,43.0,Campus-2,False
435,0880701102,8164c336-68ff-4bf0-a0e6-6bc9001fbe2d,5,44.0,Campus-3,False
436,0060930705,d72e1e3e-f5b3-4357-be98-7a55e67aad26,6,45.0,Campus-1,True
437,0060977477,331e22db-364e-4b41-9474-ac43e8af63a5,7,46.0,Campus-2,False
438,006101351X,bf33eebd-f541-48d8-89f5-1fb80fe6f260,8,47.0,Campus-3,False
439,044661162X,c7428a08-2b3f-4cb4-838a-6d01d79eb42e,9,48.0,Campus-1,True
440,0425156842,a0c6dcf5-7f56-4733-9a2b-bbbca5d1be9a,10,49.0,Campus-2,False
441,0385424728,6e357c4f-4bdb-4596-953a-75d5c10599c9,1,10.0,Campus-3,False
442,1562477528,0f3d2dbf-08c1-4b97-bac2-3e0ac28b8ab2,2,11.0,Campus-1,True
443,0517577402,7e25ec8f-f863-4b96-bdce-edff2d8d2908,3,12.0,Campus-2,False
444,039304016X,fe30ce90-e121-47eb-b91d-5a1972735c17,4,13.0,Campus-3,False
445,0553576925,d5cf23df-d339-47a2-a512-b93909e3f2e9,5,14.0,Campus-1,True
446,0743206045,98182365-2ae2-4cb8-9c4c-ba7c7ace07bd,6,15.0,Campus-2,False
447,0312963009,a2fcf00c-7f9e-4c11-a32c-3a0c6d900146,7,16.0,Campus-3,False
448,8478091246,c8cffd2f-9ef8-4f0d-852d-68b100b1b605,8,17.0,Campus-1,True
449,0316776963,5aa59bb7-6217-4ed4-a27f-eb0facb25a6c,9,18.0,Campus-2,False
450,0671864769,49d9c29b-3b2e-4074-a3c4-cea7c3c05d22,10,19.0,Campus-3,False
451,3257233051,326f2513-69c9-4240-8fa9-0b69a6a983ca,1,20.0,Campus-1,True
452,0671847546,470eee8a-dc42-4a09-83b3-790c16ed6b0c,2,21.0,Campus-2,False
453,0425098109,90c4b473-0af9-49e8-b777-543b3a6b2c51,3,22.0,Campus-3,False
454,0374386676,8c471965-8c87-48e4-8288-a1933a9200a0,4,23.0,Campus-1,True
455,0345429176,946aaacc-b013-448f-963e-98b3dc68ae78,5,24.0,Campus-2,False
456,0515134279,1e05a0b4-ce43-46a1-92cf-27c045c33282,6,25.0,Campus-3,False
457,0870441663,e6dc23bb-fadb-401d-ad2c-efd18948ffdf,7,26.0,Campus-1,True
458,0026329859,3ea6de0e-5102-4f87-9f0b-87e7e6d78fbd,8,27.0,Campus-2,False
459,0440224829,b6d60abd-288c-4409-8aa8-5d53ddbdf2a4,9,28.0,Campus-3,False
460,0140620427,ad88a20b-43c5-40fc-89bb-dbe4374b0a47,10,29.0,Campus-1,True
461,0140252800,cecd4d2e-c60e-4cf7-8881-11fa1ab9d92b,1,30.0,Campus-2,False
462,0375759778,2a70fd69-c878-461b-beb1-10dcddcb35e0,2,31.0,Campus-3,False
463,0425164403,e10b4fff-eff5-43d5-be06-6cca5a311af2,3,32.0,Campus-1,True
464,0308102282,a3924e91-cf59-4f24-800a-93813689503b,4,33.0,Campus-2,False
465,0140067477,2293eaf2-aee0-474f-8ff9-73fe8f6212bf,5,34.0,Campus-3,False
466,0816729913,b3cf6180-bb60-438b-ab8c-912434212042,6,35.0,Campus-1,True
467,0807070718,df159189-69d6-4a74-92b9-9c4d20b46ba5,7,36.0,Campus-2,False
468,087113375X,6dada192-e566-4f73-b108-668d7e083872,8,37.0,Campus-3,False
469,8427007450,57e05922-7e11-454e-90f8-3c7e8fc69de8,9,38.0,Campus-1,True
470,0060006048,c296b963-3fc2-463e-bca2-a973d18937c2,10,39.0,Campus-2,False
471,0345378490,ba2b5c5a-fee2-4c50-8c37-ae4b401c2664,1,40.0,Campus-3,False
472,0060563079,052e67b3-9cf5-46aa-b7dc-80f15f6ab607,2,41.0,Campus-1,True
473,0743249992,6caee1b1-19b3-4925-9dfa-e9ab85991a01,3,42.0,Campus-2,False
474,0399147012,c53ddae3-4620-489e-9cd3-789b3d994789,4,43.0,Campus-3,False
475,0385313748,7b148da1-4772-4707-b0e4-29ffedba5eba,5,44.0,Campus-1,True
476,3442724686,fd83558d-eada-463e-9e50-5f4a09fbaf9c,6,45.0,Campus-2,False
477,0515134368,ab4ad6a3-e99d-433f-9bda-91e01aeb41e5,7,46.0,Campus-3,False
478,0446612545,c44be5ad-0b92-4125-b2c7-7795e4dd8b4d,8,47.0,Campus-1,True
479,1573229571,9efd1306-48ee-47c1-a72b-ce9c792a28c4,9,48.0,Campus-2,False
480,8466601090,4a1c2bf6-a174-45fc-b301-e2246ce4671e,10,49.0,Campus-3,False
481,0060973897,e99e43b5-9fa4-4e54-ae99-0cb4226ceba7,1,10.0,Campus-1,True
482,0345413377,1fcb9b96-273a-4895-822d-c7bac74ad5bc,2,11.0,Campus-2,False
483,0767908473,5236ed27-b764-40b1-8dd0-e6065d640e72,3,12.0,Campus-3,False
484,0399147128,4f624b2c-450b-433b-ace7-09fd21f67e8e,4,13.0,Campus-1,True
485,0895774666,8d39d390-5a64-4945-8244-231ad0176e52,5,14.0,Campus-2,False
486,0425134350,c31bccd5-ae4c-49d1-aa23-ef2555fac828,6,15.0,Campus-3,False
487,0684823802,fa452609-df8a-4c70-8c5b-7ab2e73a4d3e,7,16.0,Campus-1,True
488,0671021745,88e3771f-f85a-4a17-b3fd-6986e5d72dc7,8,17.0,Campus-2,False
489,8445071769,bcd4b1b1-3774-45a1-959b-2f65a96373fa,9,18.0,Campus-3,False
490,0440241413,de56bb5a-ca35-4a7a-9ac4-7b89a1a2f141,10,19.0,Campus-1,True
491,0345369068,0cc089ba-ac9c-4dc6-a749-d7bd385954ab,1,20.0,Campus-2,False
492,0937858994,1d77a341-e090-4eed-85a7-a2f55352ba70,2,21.0,Campus-3,False
493,0449006557,2ef7b375-71eb-4fd2-9f8d-2b20b946f53e,3,22.0,Campus-1,True
494,8474103347,abaa6300-9b9c-4acd-a41b-df3e04a2a491,4,23.0,Campus-2,False
495,0435272683,e1b8d552-6c28-4ecc-be5c-2c72a2cec330,5,24.0,Campus-3,False
496,0521427150,39e41599-94a5-4acf-9113-6cfff081db41,6,25.0,Campus-1,True
497,0060977493,1782e790-b068-4c65-ad8e-a6de2d77dd5f,7,26.0,Campus-2,False
498,1559703237,5a201055-1037-4036-9d6f-5532c2a1b9d0,8,27.0,Campus-3,False
499,1862047626,951b49d1-39a3-4403-9975-6ece85101bff,9,28.0,Campus-1,True
500,015216250X,7d92ef5c-3fd0-462d-a3fe-d5ec43d05ea3,10,29.0,Campus-2,False
501,0452264464,29e66460-b124-4535-908a-3311313840db,1,30.0,Campus-3,False
502,0380732688,9d3ab1c1-c594-49df-b62b-101f6650b7ba,2,31.0,Campus-1,True
503,1858813093,1897ace3-298e-4a44-8e62-4605798efbfe,3,32.0,Campus-2,False
504,1842040154,24c7412a-a6e8-4dd5-a910-5729ec0abed9,4,33.0,Campus-3,False
505,0061096091,cbd2e762-55ca-4a6f-83ec-7f8e04114270,5,34.0,Campus-1,True
506,0440122090,872d9376-5723-433f-aacc-29d24aaa5944,6,35.0,Campus-2,False
507,0451176812,10e32754-91f2-4799-a1d2-f0e6e4d24d50,7,36.0,Campus-3,False
508,0393045218,5df10fe4-5979-4827-97d3-03a31e22ca1a,8,37.0,Campus-1,True
509,0060915544,d809ab49-f285-42c0-829f-e7c29a3f2d05,9,38.0,Campus-2,False
510,0345374657,979d9a38-03d4-4eec-b532-7c8138354f17,10,39.0,Campus-3,False
511,0671021001,84f10e18-8baa-409d-8ae0-0efc669757e6,1,40.0,Campus-1,True
512,0020442408,fc40e0e6-9556-43cc-81e2-e4d8a7f61165,2,41.0,Campus-2,False
513,0061052515,a5ad543c-6233-4241-a89a-830cc3643103,3,42.0,Campus-3,False
514,0345372700,e2bab277-a0a2-498d-86ff-fd5fadb94a9e,4,43.0,Campus-1,True
515,0449911004,1e82db93-67a9-4767-aa46-0a8116295823,5,44.0,Campus-2,False
516,0440130913,319ccf43-c286-4020-a049-ca297e4686e1,6,45.0,Campus-3,False
517,1558531025,933fbf18-0a5e-4651-aabe-334ff2a88307,7,46.0,Campus-1,True
518,0452282152,5a550e7a-c6c6-4276-b271-a12aa04aa7d1,8,47.0,Campus-2,False
519,0375704965,fdafe4c7-dcc9-4b58-9497-15e7e1081573,9,48.0,Campus-3,False
520,0030096189,98047dfe-5b4c-4c65-82c1-c1e8414b53cd,10,49.0,Campus-1,True
521,0439319552,fb316908-b31e-4cf9-84b6-c2375e72291f,1,10.0,Campus-2,False
522,0446601640,c598fe0a-c080-48e1-b95c-d61e4fab5cf9,2,11.0,Campus-3,False
523,0786913878,518ded05-c10b-4b1a-a304-9eccf8a42826,3,12.0,Campus-1,True
524,0671000306,d07eb5db-4420-4aad-a8db-0d524ab917d3,4,13.0,Campus-2,False
525,0671047612,3222caaa-6ee5-4559-9c82-a26231533785,5,14.0,Campus-3,False
526,0198604025,4950bb4e-6217-4035-b574-e982f37ec75d,6,15.0,Campus-1,True
527,0679410430,f1e76bd6-fe71-4fcc-a442-ac4c19509493,7,16.0,Campus-2,False
528,0446610178,ebc50fca-c399-4836-a45b-bed37db9bd66,8,17.0,Campus-3,False
529,0446612618,55faf3a2-6300-456a-836e-a953f9f334d1,9,18.0,Campus-1,True
530,0812523873,d898c78a-8147-43e9-95f5-cec026a33c98,10,19.0,Campus-2,False
531,0393318435,8da158c0-940b-4e3c-a5ee-ccad99828855,1,20.0,Campus-3,False
532,0316171107,973bc97c-4a06-4383-b9e2-b764cb7de608,2,21.0,Campus-1,True
533,0812575482,943aef97-68e2-4443-9a27-236020ff6fd8,3,22.0,Campus-2,False
534,0385497679,a52724cd-460e-42de-ae3e-77dba63e3471,4,23.0,Campus-3,False
535,0385490992,fc4d355c-193d-4168-985d-2d9f0605197f,5,24.0,Campus-1,True
536,0020199090,ab4f1e28-14e4-4add-b8b1-84ae22ede8aa,6,25.0,Campus-2,False
537,1853262404,a6cf7a04-c657-44e8-bd51-6c7bc1ce16d9,7,26.0,Campus-3,False
538,0807565288,63b00c30-3dac-4ff3-b1b2-45f9895ed7da,8,27.0,Campus-1,True
539,0061080519,af57f025-3b19-41e2-a625-eb1eed91ee48,9,28.0,Campus-2,False
540,0380978539,8364cc37-15e3-4827-a833-70d30549df7c,10,29.0,Campus-3,False
541,0590687301,6081f536-397a-477f-9e5a-9bfb0ae1af36,1,30.0,Campus-1,True
542,1884777805,91a98998-ecb9-45df-b529-725d5877e43f,2,31.0,Campus-2,False
543,0786886463,c0e5e6c4-4239-46ef-b547-d0d53138b81b,3,32.0,Campus-3,False
544,0071416331,233defa8-54ff-4afc-96a3-d16b6b0bd24d,4,33.0,Campus-1,True
545,0821772953,f16ee8d3-d370-4c66-99ba-03f7c2b671fc,5,34.0,Campus-2,False
546,0375500766,f2cf6107-668e-4a54-a22a-11214a9f4a04,6,35.0,Campus-3,False
547,0590598848,05608cd0-966b-43f1-8e9e-51fb3c103aa0,7,36.0,Campus-1,True
548,2253148539,87f7ddb4-d079-4900-ac25-4b088b183cee,8,37.0,Campus-2,False
549,0380718332,cc8ee12d-7c90-4f98-b261-e79fc2056a79,9,38.0,Campus-3,False
550,0312156960,f787409b-51eb-44a1-b54e-b12f49fdec8a,10,39.0,Campus-1,True
551,0743462335,db1bc6d4-dcee-4014-94e3-0ddc092c7021,1,40.0,Campus-2,False
552,8401351421,13f52de7-29a0-4410-b7bd-d225d9b27e8e,2,41.0,Campus-3,False
553,0061064505,a3c7ed63-4d59-4114-a143-400ad36aae85,3,42.0,Campus-1,True
554,0385337639,858cf31c-0169-4036-9fe4-be355e255073,4,43.0,Campus-2,False
555,3257210450,c82cff62-424c-44eb-9f5d-11434c9b4e30,5,44.0,Campus-3,False
556,0062507249,973b407c-48e8-4905-b002-0d5e18fe365d,6,45.0,Campus-1,True
557,0451410319,3816c244-0f76-4160-816e-e9f58bc8c216,7,46.0,Campus-2,False
558,0684854953,e5a9dade-e659-4894-b6a0-454503e187cc,8,47.0,Campus-3,False
559,0140021566,0bbdaeb9-0478-4561-9413-b8ee2368343c,9,48.0,Campus-1,True
560,0880011025,e4348472-5f2a-433d-9da5-461c2b1109cb,10,49.0,Campus-2,False
561,0060575808,8ce15d73-a030-4bec-9fc7-ee0522b4e64b,1,10.0,Campus-3,False
562,0385493800,c3f3085e-a7d7-4291-a9ef-49a1d4afe6b9,2,11.0,Campus-1,True
563,0771074670,305a56a7-784e-4a2f-8a8b-c910fc51e0c6,3,12.0,Campus-2,False
564,0425178242,fe0833f9-94c0-4946-9d37-3097dc840c3e,4,13.0,Campus-3,False
565,039914563X,dc984a08-f9bd-4401-b59e-c5759ee356d4,5,14.0,Campus-1,True
566,051513290X,a77c0748-3636-464e-89ab-688f498f7b2b,6,15.0,Campus-2,False
567,0688180639,1e14a50b-9d0a-40b9-b17b-ddd24c16a000,7,16.0,Campus-3,False
568,0316789089,ae26efe6-5ff2-478c-90f3-a4238f95b8d1,8,17.0,Campus-1,True
569,0425182908,644345de-a071-4011-9277-6a06e232ab8a,9,18.0,Campus-2,False
570,0380619458,cb4af3ac-7c97-487f-9c78-eacc672a20f9,10,19.0,Campus-3,False
571,0380788497,894992d2-c076-408a-b5ff-73e890b84431,1,20.0,Campus-1,True
572,0451205421,2b1b6008-478a-4b1f-b047-5cc2b6a8d710,2,21.0,Campus-2,False
573,0590947257,fa4a8448-feb7-4e09-a265-6734201ded3b,3,22.0,Campus-3,False
574,0840734530,02aaaf54-fa4f-4c81-aefe-de6169bed30c,4,23.0,Campus-1,True
575,0486206173,e3284fbb-63e3-4921-8811-3c9ac1d6d1b7,5,24.0,Campus-2,False
576,0373250339,fe83311c-8883-4048-9037-de9430ff48a4,6,25.0,Campus-3,False
577,0425174484,26db2f6a-b75e-4fab-8617-fc749cfe649d,7,26.0,Campus-1,True
578,0449131548,55f3d820-c8d9-434e-b0d8-bc421f6e0d0b,8,27.0,Campus-2,False
579,0007100221,6da3bd13-0fac-4705-8e5e-0185d42978f1,9,28.0,Campus-3,False
580,0380817144,ab062126-0530-4fee-88a4-021d1a0c1c06,10,29.0,Campus-1,True
581,0486282112,8491df9f-1af7-45cd-a5da-8b0ad3d351b7,1,30.0,Campus-2,False
582,0425181111,bb3a4d94-bb18-4ad4-864d-6fc1e38ef346,2,31.0,Campus-3,False
583,0553578693,76af1336-565a-46ad-9c20-3a38e84400f1,3,32.0,Campus-1,True
584,0786889160,815fd724-121e-4e4f-aa04-651e29e3477d,4,33.0,Campus-2,False
585,0688048730,86cd534f-b7a7-4772-9088-46ed82d7bce8,5,34.0,Campus-3,False
586,0553202294,19782118-3590-49ab-b0dc-f092ae2ed86b,6,35.0,Campus-1,True
587,0060923245,0da472d2-a6c0-45fc-ae18-bcbae708ea6d,7,36.0,Campus-2,False
588,0425049981,252f13ee-77da-44b8-b228-a6d69c5560f4,8,37.0,Campus-3,False
589,0373037430,e86bc599-a7dc-456a-be59-4450e1ef6ec9,9,38.0,Campus-1,True
590,0140065172,4256ea85-21b6-4cb6-b110-99161f50d799,10,39.0,Campus-2,False
591,0553569058,0da0e79f-58fe-40bd-b561-8dee9ef74c32,1,40.0,Campus-3,False
592,0842342702,77e487e4-3ad2-4ca0-aefb-e6241d0d4238,2,41.0,Campus-1,True
593,0385721420,35895f18-0bf7-4a64-a7e6-30712f1b933b,3,42.0,Campus-2,False
594,0446325805,ef7e4404-b79a-4914-ae09-560977e5f525,4,43.0,Campus-3,False
595,1879384493,9b89f377-374f-400d-ba8d-6237dc867183,5,44.0,Campus-1,True
596,0553225987,294dd332-4f68-4398-8987-2b1c99e9590a,6,45.0,Campus-2,False
597,0679427430,29a58aa2-faa4-42b3-bfbd-c4327f1958c4,7,46.0,Campus-3,False
598,0140253580,cbe4e7ab-b913-4011-815e-6dda31aeeb51,8,47.0,Campus-1,True
599,0394178017,0736bded-3700-4bec-bb21-d938533a2990,9,48.0,Campus-2,False
600,0380778556,9ce3dbf5-0901-494c-ac78-a9f977c688aa,10,49.0,Campus-3,False
601,2266029460,3becf21e-a3fd-45e5-b327-6bc7a1bc57d8,1,10.0,Campus-1,True
602,0140370900,08c76978-86bc-4cbc-8e10-62ca575e814c,2,11.0,Campus-2,False
603,0373196989,39162856-c9ed-43f7-88ed-b2bcde14960b,3,12.0,Campus-3,False
604,0060173289,c59f73fd-5aaf-4d00-a406-6b36edd32326,4,13.0,Campus-1,True
605,0140029400,9687d45c-1982-44c7-9220-6a2eec7d0cb8,5,14.0,Campus-2,False
606,3257212429,56f74676-d7dc-4d0f-aea8-60cc6b738ee3,6,15.0,Campus-3,False
607,0375823468,3373eaa3-2bbb-41a0-9e33-7fc32a93e590,7,16.0,Campus-1,True
608,0394743741,12ff6b46-942e-499e-ab88-ea42f82cbb3c,8,17.0,Campus-2,False
609,0823032612,173f43cd-1bc6-48b4-808a-1aa9f35fb7f6,9,18.0,Campus-3,False
610,0140345809,1ad087e8-5de5-44c0-a2a7-444936bbb384,10,19.0,Campus-1,True
611,0590419625,2e4bca37-aaf8-4ab5-bdef-dbd054e6bccc,1,20.0,Campus-2,False
612,0451454243,4d7e7d96-b3c2-40a8-98b0-8cc8b2f8b138,2,21.0,Campus-3,False
613,3499151502,cd9ec33f-2372-4a07-bf83-dea8b18a9e78,3,22.0,Campus-1,True
614,0671042556,4aa85909-bb97-40c2-bc04-03e43ebb254d,4,23.0,Campus-2,False
615,0684868911,7e655351-ed67-4507-94ea-bb5b4b76376a,5,24.0,Campus-3,False
616,0450029956,b5b5598a-1d6a-41f7-ab61-1987e4647aea,6,25.0,Campus-1,True
617,0385333404,fca849ad-c9ea-42fe-8550-08a24ba0a065,7,26.0,Campus-2,False
618,0743406176,a6aa6736-99e1-43b4-a2d5-ee68a7699e8d,8,27.0,Campus-3,False
619,0345353625,c8410e74-1212-42bf-a2e0-296e82dc0866,9,28.0,Campus-1,True
620,0060934719,a7434296-afc7-426d-8d89-15aba12904e2,10,29.0,Campus-2,False
621,034543191X,53fb20bb-ac64-4238-8d49-08a55b14e9f6,1,30.0,Campus-3,False
622,0451205197,04559c2d-6841-4b9a-948a-2ad192819e9f,2,31.0,Campus-1,True
623,1567184294,3fcd8e00-916a-41da-b4d4-d30ecfce8010,3,32.0,Campus-2,False
624,0156047624,0da32c4a-bd00-4ff2-b9a7-296e052b4526,4,33.0,Campus-3,False
625,044651747X,7659736f-676d-4de8-9404-8aba16ff8ac5,5,34.0,Campus-1,True
626,0316314927,e006bfb3-0bca-4847-8e2c-ff939c034ac3,6,35.0,Campus-2,False
627,0312312628,5f16e6f9-de49-4eda-8436-2d1e68a076cd,7,36.0,Campus-3,False
628,0140620664,e32d3f9e-de9b-420c-9321-52b779b978ba,8,37.0,Campus-1,True
629,0451409256,9c5eeb80-6cf4-435f-b500-9e9a2427bb10,9,38.0,Campus-2,False
630,0895872102,553e1da3-25c0-473b-b764-c821275b55c4,10,39.0,Campus-3,False
631,0385505833,7b32d49b-853b-494e-a6a9-f0764ec14008,1,40.0,Campus-1,True
632,0449213773,7546ae04-1ccc-4baa-9199-38973fba9a6e,2,41.0,Campus-2,False
633,0156013967,54f8cbb6-6666-43f1-9dc5-521e3aea4ba7,3,42.0,Campus-3,False
634,887641486X,b5d45e23-18fc-4194-9b1e-01a571d9e027,4,43.0,Campus-1,True
635,0380730138,14ab69f8-9ed5-464c-b678-59443cec8552,5,44.0,Campus-2,False
636,0140107649,1ba716e2-0c65-43cb-b605-8024378bae50,6,45.0,Campus-3,False
637,0307215342,e40cef43-5403-4514-b26c-e1fa9fde0207,7,46.0,Campus-1,True
638,0345430476,3fe19846-4754-4323-98b5-cf8c64ad8aa2,8,47.0,Campus-2,False
639,0061050474,2aec59dc-288c-4aee-9895-a46ee197a80b,9,48.0,Campus-3,False
640,2080105434,e364ca95-fce1-4689-8838-539472f7e0cd,10,49.0,Campus-1,True
641,0446310786,467677c3-30f6-4634-b114-fdde737a56bf,1,10.0,Campus-2,False
642,0553579681,6cbdf27c-2136-47b9-919e-b33786ac0cf7,2,11.0,Campus-3,False
643,0380704587,4bc8ea90-25ca-4998-a980-1366a98368ee,3,12.0,Campus-1,True
644,0671027387,abd7cc25-3422-4052-9e35-c52bff2fe6f7,4,13.0,Campus-2,False
645,0553582909,c63c47ea-9de4-482c-9e0a-39c0c01186a0,5,14.0,Campus-3,False
646,074322678X,0f99a117-de5c-41f7-9c62-c06621b62a79,6,15.0,Campus-1,True
647,0451166892,e4beaba1-d57d-4662-96f7-247ea3698d38,7,16.0,Campus-2,False
648,0553101439,635e02ea-94ad-4635-a611-ec9d1637b37f,8,17.0,Campus-3,False
649,0380728729,98afcaa0-96a9-4931-9034-fde28dbb9b65,9,18.0,Campus-1,True
650,0525947647,f0537a0a-7728-4c19-8136-f3e28930371e,10,19.0,Campus-2,False
651,0446525502,e3b45726-3820-4251-bf25-77f96cedfadd,1,20.0,Campus-3,False
652,0140374248,2381e71f-cabf-4f93-a9e4-845800b6aa4b,2,21.0,Campus-1,True
653,0743418190,b0600e39-299d-47e0-b206-05e2a78819e0,3,22.0,Campus-2,False
654,0415928087,8d57e117-6267-47a7-8a23-63bf4fe9d6db,4,23.0,Campus-3,False
655,0446523992,2772ef55-b7c0-4c7a-b80e-9a5605e69089,5,24.0,Campus-1,True
656,0316602906,59905f4e-e820-48fc-91a4-eb0535fda603,6,25.0,Campus-2,False
657,0743245024,5f2f6ee3-e3a8-4c30-b077-92d8f8fb1cab,7,26.0,Campus-3,False
658,3426605686,6fbfdfef-94ce-41af-9888-a8ddf3a24400,8,27.0,Campus-1,True
659,0451202341,5377c3bf-caf9-413e-815c-51e04716b72a,9,28.0,Campus-2,False
660,0590629719,4b81da1d-6b8d-4b0d-b1b1-e55d00b0c4e0,10,29.0,Campus-3,False
661,0061030147,b436c56e-e988-432e-bab4-4c73f1115ac5,1,30.0,Campus-1,True
662,0312995423,b36c9a35-b7b8-432e-a67e-1523ebfa3f58,2,31.0,Campus-2,False
663,1576737357,f6366179-f6ed-4dd6-a4b0-13394f5de55c,3,32.0,Campus-3,False
664,0440211727,a2edd455-ceb1-4051-a1fd-c89edc3560e2,4,33.0,Campus-1,True
665,0399135782,a974cca0-bcbb-47ce-bd3b-de1047a13ab1,5,34.0,Campus-2,False
666,080521061X,82bb1842-e6da-4484-a217-bc2558f6317b,6,35.0,Campus-3,False
667,0399144463,fb5b71d0-fc2e-4b15-b04d-2a27567c62da,7,36.0,Campus-1,True
668,0671027360,5965897a-58c3-4f59-8e18-cb48e91eeb0c,8,37.0,Campus-2,False
669,0446605484,08b22253-0140-4a04-b0e9-8bbc084977a9,9,38.0,Campus-3,False
670,8475960936,736b3c92-08c8-4864-8576-b00a38d71269,10,39.0,Campus-1,True
671,0887841740,722cf8cd-4416-4500-b082-97571797fb68,1,40.0,Campus-2,False
672,0345335465,145918b3-a64f-48e9-ac8f-30be220f690f,2,41.0,Campus-3,False
673,8807120194,f63b7846-130f-422d-bcf6-2a11d58fbe23,3,42.0,Campus-1,True
674,0440225701,f93b6be2-a5c5-4f9b-b04f-bbb4c40406c5,4,43.0,Campus-2,False
675,0553574159,1651e374-bb04-4152-aa2f-95428ffbb291,5,44.0,Campus-3,False
676,0971880107,404e0af4-bcf5-4f18-a459-081b409b45f5,6,45.0,Campus-1,True
677,1575024179,03e73bbf-4d07-49cb-9d9a-24da65cf3f02,7,46.0,Campus-2,False
678,084994371X,7e1e77f4-a08c-471c-8320-fdc5c819ea8f,8,47.0,Campus-3,False
679,0821750410,4fe26732-fca2-4a73-873f-855386af5f46,9,48.0,Campus-1,True
680,0064472779,555da190-660b-4be3-a500-671f8bafb8b6,10,49.0,Campus-2,False
681,080411952X,ae39f2a4-ec20-49e1-83cd-4048964245be,1,10.0,Campus-3,False
682,0670035262,6574134a-f747-465e-b56f-55ef41988d3b,2,11.0,Campus-1,True
683,1563898586,68a0fa0c-a005-4f17-81d7-a89c5d6fb749,3,12.0,Campus-2,False
684,0671867113,6f1784d4-62b1-4789-8f42-361722b8d01f,4,13.0,Campus-3,False
685,0375414746,fe64e201-8aab-49c2-ae4d-24210efcdad6,5,14.0,Campus-1,True
686,0060191929,804784bb-e3ef-4125-a156-8b579c228043,6,15.0,Campus-2,False
687,0816152446,cda67fca-6cab-4aa4-89ca-c18408522662,7,16.0,Campus-3,False
688,0373750013,0460781c-e7c3-482f-ad82-823cfd2e2883,8,17.0,Campus-1,True
689,0590481371,dde8cffa-94e1-49f9-a886-5216029247eb,9,18.0,Campus-2,False
690,0060930187,498fb1f4-2c5d-4e4f-93eb-14d5c9e5c67e,10,19.0,Campus-3,False
691,0312986769,7b929c62-cc5e-42ec-89c6-5cbc6b10b071,1,20.0,Campus-1,True
692,0385730586,a082c10a-e507-47cd-88d6-a9e3442fd82e,2,21.0,Campus-2,False
693,0446608653,31b89475-248c-4a09-8824-089d56b4771a,3,22.0,Campus-3,False
694,0374343381,cfc76ba4-a4e7-483d-8aba-188ff0e047bc,4,23.0,Campus-1,True
695,0843136685,985017c9-c0c8-466d-9a2c-c9ceaacc0a95,5,24.0,Campus-2,False
696,0425166619,8c49513a-98c3-4113-becd-0202929e209f,6,25.0,Campus-3,False
697,0670855758,1a4e4b4d-b575-4461-8ce3-d0ea1a4c82f4,7,26.0,Campus-1,True
698,042518630X,323e0e3c-2b38-42f2-8ee3-0ee6d0865932,8,27.0,Campus-2,False
699,0451523415,686e31b6-7dc9-4db8-a254-02577768d136,9,28.0,Campus-3,False
700,8478098267,0df343d0-de19-41ca-89a7-30c1be2dd462,10,29.0,Campus-1,True
701,0849943450,213327d4-d5bc-4904-9769-caa461540c00,1,30.0,Campus-2,False
702,055321215X,70ada5ad-677e-41a4-8fa3-ef03fabb3332,2,31.0,Campus-3,False
703,0312278586,eb4272a3-ae44-4db3-8a76-fb8a46f931db,3,32.0,Campus-1,True
704,2290314951,b370def8-50e2-4647-94f4-dde64ae03527,4,33.0,Campus-2,False
705,0020437501,c1d107cd-71f4-4e31-bc53-f3eda370a47a,5,34.0,Campus-3,False
706,0486281965,0d429b88-08ee-4040-a5d9-8ce0f7932d4c,6,35.0,Campus-1,True
707,0445402040,2be437ca-34e7-4ac0-9ab0-e5f2aeb535b9,7,36.0,Campus-2,False
708,038542471X,b924e1f5-d4a9-4f66-8f5a-08e27abf7179,8,37.0,Campus-3,False
709,055329198X,ccb6a386-3465-4d0c-9670-0f2e4576c2a0,9,38.0,Campus-1,True
710,0451154916,97e021dd-0223-4509-95ab-2160a98dad8a,10,39.0,Campus-2,False
711,3404118960,74323145-5d10-44bc-89c1-1132068456e3,1,40.0,Campus-3,False
712,1579651658,a0ae69ae-ded6-46de-91e9-1d5b069d1882,2,41.0,Campus-1,True
713,1567920047,e2f048fa-a6f8-4986-bd6b-107ba8b65788,3,42.0,Campus-2,False
714,0345305477,0d8985d6-488b-4395-9ba5-80ece2dbff36,4,43.0,Campus-3,False
715,3499222604,8e8195fa-ec28-4baf-a56e-1faa13e74d38,5,44.0,Campus-1,True
716,2253004022,3f9929c4-805d-4312-9c30-beb124ce0bed,6,45.0,Campus-2,False
717,1854795554,fb6e0f77-7152-4a8b-a87c-f3f7ac37b9d6,7,46.0,Campus-3,False
718,140003180X,d1dd82f6-2f80-4407-8e4d-edf6925dbbc1,8,47.0,Campus-1,True
719,081296666X,a7d4ab36-b439-496b-9bbf-93ebd1751213,9,48.0,Campus-2,False
720,8478800336,ce4f25dc-ca86-43ff-afbd-a443dc155d81,10,49.0,Campus-3,False
721,0553272837,95786235-3484-405a-ac2b-bff85c972975,1,10.0,Campus-1,True
722,0446394521,7f453671-73f1-44ff-a406-6eca213bbbf5,2,11.0,Campus-2,False
723,0345369947,5bbd3de1-e5aa-4d68-b59a-82db65fae6df,3,12.0,Campus-3,False
724,0385314019,52040848-278f-4db2-8976-9b6de40d09fc,4,13.0,Campus-1,True
725,1563411148,4aa9dace-d321-4f11-aded-a815218a4ed8,5,14.0,Campus-2,False
726,1400077826,4ebce345-9fa8-43d1-bc28-b8d170652c01,6,15.0,Campus-3,False
727,0801491827,20bb92ff-a154-4bc3-bd39-51876d7db2e6,7,16.0,Campus-1,True
728,0312148267,35360b6a-41df-41a4-81d6-00339e949257,8,17.0,Campus-2,False
729,0679450440,8928e098-9670-4573-945b-bf916d866795,9,18.0,Campus-3,False
730,0345370740,23e5704c-4159-444d-9b6e-1433f759ef8e,10,19.0,Campus-1,True
731,0394578791,6aa0b496-d06e-4c2d-8336-6e8381a18433,1,20.0,Campus-2,False
732,8476409419,c4f966c3-7a52-4097-b185-d12d27c9a411,2,21.0,Campus-3,False
733,0747538069,3be47a25-8eb7-4cda-ade0-e643424ff7c6,3,22.0,Campus-1,True
734,0064409457,b95ca732-948a-40d8-96dc-7c9f4af33e0d,4,23.0,Campus-2,False
735,2020315491,09622257-d156-44ba-9bfd-5ad2f4fa14b7,5,24.0,Campus-3,False
736,0804111359,10abdb9e-7a99-4973-81ef-c131ddd8c1ee,6,25.0,Campus-1,True
737,0245542957,a6cd7df3-b292-4497-956f-ce3ab4f98b15,7,26.0,Campus-2,False
738,0515127833,0974f5bd-d80c-4dc5-beb4-f1ae5a73b136,8,27.0,Campus-3,False
739,0375410538,b0a2c620-7bc5-4b0f-8207-77a349b1c3f3,9,28.0,Campus-1,True
740,0140293248,d1ad2aa0-0181-4837-85e4-19f0388cc469,10,29.0,Campus-2,False
741,0312195516,bb815c82-6b71-494f-8c56-a9b54a25693d,1,30.0,Campus-3,False
742,0060930365,bcafe5d5-68a6-4c40-8f87-c993f483375e,2,31.0,Campus-1,True
743,0064470113,130203f9-2675-4ba3-bb5b-df012c4f5624,3,32.0,Campus-2,False
744,9681500555,46e3671b-f038-41a2-832a-40b3e9a773b7,4,33.0,Campus-3,False
745,0553289063,f88fe661-d664-4d2e-a083-c50fec958716,5,34.0,Campus-1,True
746,1842151053,0eaf2ae0-89d6-4430-8d69-a945571630af,6,35.0,Campus-2,False
747,0385420161,de6a87da-3b92-4db4-b098-00fe6ffe1fb9,7,36.0,Campus-3,False
748,0002740230,47f09351-4ecf-44fb-b6da-fa9a4eefc686,8,37.0,Campus-1,True
749,0312988699,65d7035e-6be2-4b7c-b0e7-1abbc6893157,9,38.0,Campus-2,False
750,0451162072,8cbf2746-d3ad-4114-b7f7-d8d8adcc24b9,10,39.0,Campus-3,False
751,0061042943,a58f5f4b-a791-44d9-aed8-ebf03aa86070,1,40.0,Campus-1,True
752,0380728273,7113e8ec-7d52-4b7b-9979-08b2f5eed0d1,2,41.0,Campus-2,False
753,0345260317,dcaa3e0c-2e25-4b68-b0cf-80ed9914e1c5,3,42.0,Campus-3,False
754,0449005410,16aaccf9-bc8b-455d-9e08-23b479fd4af4,4,43.0,Campus-1,True
755,0312853238,dee7cc61-0468-4456-90bb-2a14ccb1d5d2,5,44.0,Campus-2,False
756,1841721522,c6ed85d4-6f50-4a1d-abea-b59733341e96,6,45.0,Campus-3,False
757,0316769487,4d2c2aed-e71a-4ebf-b8ec-180204f8c715,7,46.0,Campus-1,True
758,0345424719,6add519f-8406-4da1-8e99-9924a48328cb,8,47.0,Campus-2,False
759,0674511255,277dc37b-9657-4a89-b4c1-5465bd49237c,9,48.0,Campus-3,False
760,0385316895,32779354-2c85-4107-b2bd-4cec561bef01,10,49.0,Campus-1,True
761,080213825X,fa835803-ca50-447b-8e61-a1613aaf9e88,1,10.0,Campus-2,False
762,3257207522,21442a06-7e86-4628-bac6-7a40d6c3b3d8,2,11.0,Campus-3,False
763,0679425608,baf7baa3-cd0d-4408-ba6e-c6eb308077a1,3,12.0,Campus-1,True
764,0345311396,39ac2ee1-e168-4d79-a0f5-03fe3f8b7383,4,13.0,Campus-2,False
765,0192815318,71d3a692-395a-4ae7-bae2-6c02e0df2c86,5,14.0,Campus-3,False
766,0416196772,36b2877d-2df6-4bc7-b9b2-182d9bcd702f,6,15.0,Campus-1,True
767,0451523318,c5e1b24b-9e1d-4f05-9e30-3bf60d607e2f,7,16.0,Campus-2,False
768,038529929X,ef621de5-9f66-4dc0-99d5-cc82a615a093,8,17.0,Campus-3,False
769,0440415993,a4a91365-1e64-4df2-8bb4-8e75ff98ea45,9,18.0,Campus-1,True
770,0689829698,c0da2c0e-78b0-4f70-a590-d30b8fa17c70,10,19.0,Campus-2,False
771,0972044205,13c9b1bb-50e8-42c1-873d-0b9af9bd0e91,1,20.0,Campus-3,False
772,207053880X,95a38c8c-8bd3-41cb-a9a2-b60e5ddaf032,2,21.0,Campus-1,True
773,0553210092,6b248ce8-b272-441a-873c-d276fdad1535,3,22.0,Campus-2,False
774,0800706544,7bb61bc9-25f1-41d3-83cb-96617294aadc,4,23.0,Campus-3,False
775,3492045642,4ef7f588-67e0-46d6-b92e-8012e5d4b2d2,5,24.0,Campus-1,True
776,2264009306,db6e7adb-9c30-4eb0-b8dc-8b10dcdbb7d8,6,25.0,Campus-2,False
777,051762639X,608a0e87-362a-4bce-8f31-9cb8bd156661,7,26.0,Campus-3,False
778,1414035004,81bd6e35-14d9-4ac8-b768-4011a6fb0d09,8,27.0,Campus-1,True
779,0380815923,aa160c6e-b59d-46ea-b6bc-87dfd91d00ae,9,28.0,Campus-2,False
780,0812519655,a4dad341-0784-4785-a31c-a73f1fa67c32,10,29.0,Campus-3,False
781,0380820447,34c03ea6-0518-4c17-b8d2-1eafde0cab52,1,30.0,Campus-1,True
782,0449209121,3925cbb9-be78-4caf-85b8-83a92e2b2fdc,2,31.0,Campus-2,False
783,0375719180,25730c82-609d-490d-b1e3-ff7c66811de9,3,32.0,Campus-3,False
784,0380973839,009f1499-4b8f-44ae-952b-8c39207ce894,4,33.0,Campus-1,True
785,038076654X,ed8fe29a-52e8-459e-92bd-0c7becfeaa8d,5,34.0,Campus-2,False
786,1888451084,fcbb8045-2c56-4e7b-b9c9-fbd861258c05,6,35.0,Campus-3,False
787,0060976845,dd1c7b46-1a00-4070-a1c8-411a652cbdb4,7,36.0,Campus-1,True
788,0064405052,a4b2f49d-e4c7-4962-bf48-aa91c8618861,8,37.0,Campus-2,False
789,0884111342,9deba9e7-c380-481e-9d59-d61fe5d35a6b,9,38.0,Campus-3,False
790,0553802488,c1ce5859-c646-453a-afe3-41bb60ea0e71,10,39.0,Campus-1,True
791,0842329129,67f6a6dc-2880-4fca-92bb-c2f4f9500307,1,40.0,Campus-2,False
792,0380617625,6616a701-2687-4c07-801f-990db0b24bee,2,41.0,Campus-3,False
793,0373484100,c0b2fa73-508f-4713-949a-2cea691f458c,3,42.0,Campus-1,True
794,0373245580,dc0801f5-c415-488c-b058-7df4549ef390,4,43.0,Campus-2,False
795,0395710901,c53d69eb-bae2-4f98-92c1-9eb5d2d0da7d,5,44.0,Campus-3,False
796,1575663937,42b47a07-ebd6-4234-8864-995f6f0ccb4b,6,45.0,Campus-1,True
797,0553280333,e5f94a38-0e10-4525-ad4d-e7d9b19e8e7f,7,46.0,Campus-2,False
798,3442353866,a923ed89-1425-43ca-9d87-7a6d3c4e6023,8,47.0,Campus-3,False
799,0439569842,672d1465-cfd2-40ed-86c7-292a59c315fe,9,48.0,Campus-1,True
800,0446364762,1cbe828f-92ca-4db6-b35f-ad437fb68c31,10,49.0,Campus-2,False
801,0373245696,8d97b42c-725e-46b7-a451-4329bdda52fa,1,10.0,Campus-3,False
802,0671623249,117ce747-c198-4255-86ae-e7e3b4b8e0f6,2,11.0,Campus-1,True
803,3257216416,b40e0902-ce44-4fd1-b30c-9a5ad491269d,3,12.0,Campus-2,False
804,0156027321,4d75734f-b9a7-41ad-85a8-fdc4e7362ad7,4,13.0,Campus-3,False
805,0385336772,df9b01db-8c94-462d-b727-aec3880f95b3,5,14.0,Campus-1,True
806,0767903579,12419f7e-eb44-4960-aba9-abbf51f5567f,6,15.0,Campus-2,False
807,0679310002,78667283-2939-49d4-9566-415e10210691,7,16.0,Campus-3,False
808,0345465083,1aa612a9-ffa1-400c-a521-a04818eb52e8,8,17.0,Campus-1,True
809,0345416848,e5e7e9ed-69d6-4134-975c-7df0d7baa458,9,18.0,Campus-2,False
810,0451524489,98fd1f85-80ba-4ded-b0bc-0a88ef18d9f2,10,19.0,Campus-3,False
811,0684864843,9a54fcc0-0f17-45ae-a694-0f99d2a86404,1,20.0,Campus-1,True
812,0380807866,53535e81-6e24-4502-adca-d530b6ac152c,2,21.0,Campus-2,False
813,349913358X,19f32965-4d04-4df4-b844-66d17eb61ee6,3,22.0,Campus-3,False
814,0195153448,4faaffc3-6e0a-4790-bb56-41c728fbfff4,4,23.0,Campus-1,True
815,0743470389,1fed330b-cfb8-4bd7-8a5a-0a9dccccc437,5,24.0,Campus-2,False
816,0553279572,41f757df-59d6-4069-ad7d-d2be2df4fafa,6,25.0,Campus-3,False
817,0440441501,cd532fc4-ee7c-4ac4-90dd-cb175ee46082,7,26.0,Campus-1,True
818,0875421288,0ffcb5fc-20de-4500-bc4a-cd00f73d2f28,8,27.0,Campus-2,False
819,0743411269,48d53436-a10a-43f8-adfd-4b5f3d55a7b4,9,28.0,Campus-3,False
820,0440235057,07afa45c-d903-4c9e-897c-d3a4f5ed1bb8,10,29.0,Campus-1,True
821,1841952931,3f4f5afd-98bd-44c0-8cb2-e790e5696df6,1,30.0,Campus-2,False
822,0446602086,1b94d78d-6e95-49f5-a0b3-e57ecd66a379,2,31.0,Campus-3,False
823,044023722X,9484d2f1-24ef-431c-9730-512037bf5259,3,32.0,Campus-1,True
824,3502670005,1348d292-04c0-41be-bad3-914d43ebdea1,4,33.0,Campus-2,False
825,0373123485,407e8c11-1ece-4810-966a-70e8ac94cf9c,5,34.0,Campus-3,False
826,0849943728,03e1df68-b89d-4fd9-8df6-1397ad092195,6,35.0,Campus-1,True
827,0380715899,28573303-1789-4154-af84-d7aae2ad914c,7,36.0,Campus-2,False
828,3257214154,777a47b1-9bb1-402d-93ce-2bb124d0112e,8,37.0,Campus-3,False
829,8478884963,6c2162ed-4611-427a-8b5d-4ac8c70ea72d,9,38.0,Campus-1,True
830,0871138646,62a20352-aea2-4364-a7c4-2072d5ff5f9b,10,39.0,Campus-2,False
831,0866119531,43df3770-4001-44df-bd64-1ed324b028f3,1,40.0,Campus-3,False
832,0375501347,31d296ed-c584-4492-9593-743385c6ad1b,2,41.0,Campus-1,True
833,0440224675,76ccbd71-351e-41fd-a9b0-463b84cf7c35,3,42.0,Campus-2,False
834,0553298860,dfd4fa17-a8ca-47f4-aef2-920cc7ab0e43,4,43.0,Campus-3,False
835,0684717255,cc4f6e7b-d022-4266-803e-e89c015c8ad0,5,44.0,Campus-1,True
836,0449212084,436254ee-5756-467c-93e1-24cbf252a208,6,45.0,Campus-2,False
837,0316973742,6c5511ac-0d2a-4c80-82c8-32b0a59eb189,7,46.0,Campus-3,False
838,0375823352,34095f7b-8b38-4a03-a058-ef5f13681b6c,8,47.0,Campus-1,True
839,0451184718,25b9736a-0be9-4e43-bdbc-2fdd8c4f1cb7,9,48.0,Campus-2,False
840,3257208669,a47b9bc3-07ef-4772-a7d6-0f56230401ed,10,49.0,Campus-3,False
841,0140250964,6da9494c-4148-4a3c-bf0c-309b6f514819,1,10.0,Campus-1,True
842,0964778319,58213e6f-4cf4-46f0-8197-f07960359a14,2,11.0,Campus-2,False
843,0307001164,3900d46c-c3b4-48dd-8b7d-e5ab9920fa22,3,12.0,Campus-3,False
844,0439061644,2e6365e9-8870-4bdf-8e58-6ab11b71cdcc,4,13.0,Campus-1,True
845,0767912918,8d408b66-6d25-47a9-be9f-bd996464a0cf,5,14.0,Campus-2,False
846,0446531332,eb19b4cb-e0da-47d5-8a2c-4938bf312f02,6,15.0,Campus-3,False
847,0345417623,3794d69d-03ec-41db-9b00-5e37fc5e57c7,7,16.0,Campus-1,True
848,0894342789,14afbb71-2b4e-42aa-83ed-12b0f8f76a6c,8,17.0,Campus-2,False
849,044022165X,c1f311ee-c9f9-4b73-846c-965dfc0b9509,9,18.0,Campus-3,False
850,0440234964,9713404a-f2f5-48d3-b6d6-6d1cd149191d,10,19.0,Campus-1,True
851,076218857X,fa2212d9-1e93-4f66-828e-b2a1c88b1803,1,20.0,Campus-2,False
852,1570717257,147df9ed-3976-4df0-b2ba-a76b682f4461,2,21.0,Campus-3,False
853,0380711109,6b45ed72-4498-4cb1-929b-2c2472c142ce,3,22.0,Campus-1,True
854,0743211383,038b3d61-1d61-4d88-809b-9b1bd5c9131b,4,23.0,Campus-2,False
855,0671002481,51014213-c379-4020-80eb-557572c26816,5,24.0,Campus-3,False
856,0803251718,b21330fb-1591-413b-b354-fdcd67aa87fa,6,25.0,Campus-1,True
857,0195086295,40cf6ffb-2900-49f6-84f1-8017abe6dd8b,7,26.0,Campus-2,False
858,0345313097,35ae3eb6-831a-47b2-864a-c92d5f321dd3,8,27.0,Campus-3,False
859,038572179X,9f8232f5-8200-405d-ae99-d26afa7bcd1a,9,28.0,Campus-1,True
860,039914739X,1e2d72bd-6262-48b1-819e-d34b318b618b,10,29.0,Campus-2,False
861,0345404777,73492391-afda-4b4e-ac87-6c9d3ffe9576,1,30.0,Campus-3,False
862,0345339711,9da07127-4987-4bb5-a6f9-786aa49ddd46,2,31.0,Campus-1,True
863,0802114369,a0c49149-b94b-470b-8591-d2ffbcf8fc79,3,32.0,Campus-2,False
864,185479549X,643423a3-6b42-4418-94ad-2962be9ce930,4,33.0,Campus-3,False
865,0380730448,96020bbd-cc89-4d6c-8b5d-d72170906096,5,34.0,Campus-1,True
866,0743403843,49a3f3c9-1e8b-4756-9038-b7e28652d96f,6,35.0,Campus-2,False
867,1563410443,eb1c4183-fee0-4228-95cb-1a51ac386b56,7,36.0,Campus-3,False
868,0439221676,0e9def07-af67-4117-a828-376df3dadba7,8,37.0,Campus-1,True
869,0440120470,ce082c7a-3961-44b0-a0a9-dbbf6fc56ba4,9,38.0,Campus-2,False
870,0451456548,a93f42ea-35cc-4b8e-bca0-ec1417239d5e,10,39.0,Campus-3,False
871,0439221714,08749299-7152-4646-a140-96784280eb9c,1,40.0,Campus-1,True
872,0385337132,c2e590ca-3beb-4d51-9732-6e645bd3d7a5,2,41.0,Campus-2,False
873,0786890436,68a2d2e5-aedf-49a3-83b3-8d9f279b21de,3,42.0,Campus-3,False
874,0785815147,86e2fdd8-bc6b-4b86-9a7d-211b3a5a965c,4,43.0,Campus-1,True
875,0345403339,e3b25952-0459-4f7e-bcad-1affba07c9df,5,44.0,Campus-2,False
876,0451188209,1eb2bef1-8266-4064-8d93-611cd19c8809,6,45.0,Campus-3,False
877,0451203046,30eb5a67-fe19-49f4-983c-0f929ace93f3,7,46.0,Campus-1,True
878,0553256785,6e004d7f-8a05-4211-9539-8d55d6238826,8,47.0,Campus-2,False
879,0679442790,acbc9bae-0e15-443f-b4f1-ef1825abe0c8,9,48.0,Campus-3,False
880,0060938455,93f88e37-f178-4d3e-a8fc-64dca0ec98c7,10,49.0,Campus-1,True
881,0787955671,0fc0938d-a080-4bde-b4db-4dbc7374c427,1,10.0,Campus-2,False
882,0449912302,7d7185e5-f812-4434-a6c2-3abfe93d15f7,2,11.0,Campus-3,False
883,0679751343,09b79d7d-07d2-44a6-94b1-9d129ff30aae,3,12.0,Campus-1,True
884,0380002450,d2fd4937-542a-4327-a791-df2222bdf827,4,13.0,Campus-2,False
885,0486415864,4e971b5f-7b0e-4ce2-89af-5c443e3da2da,5,14.0,Campus-3,False
886,0689821166,f84d8769-8fba-4849-9786-d9bd5497c7c4,6,15.0,Campus-1,True
887,0312261594,a32e3bb5-9275-472f-b20b-7a3740800631,7,16.0,Campus-2,False
888,0947782141,b73e165d-ea95-4c2b-9cdc-718c2c03fdde,8,17.0,Campus-3,False
889,1563899388,8e02adcd-d770-42ff-982b-15c7bed8c4ab,9,18.0,Campus-1,True
890,0961769947,30691556-12b6-4e7b-ab6f-2d09ac3c35a0,10,19.0,Campus-2,False
891,0819215635,91d7da01-ff3f-4003-9f9f-cdeb8ea9c8ee,1,20.0,Campus-3,False
892,0373196741,6adefb17-1e92-4312-ba54-0e87bc45e411,2,21.0,Campus-1,True
893,0898151910,9a2d72ab-3772-471e-9a76-1286977fdd7b,3,22.0,Campus-2,False
894,0142001740,4ec032b0-084f-41c1-bb26-194be7b610e3,4,23.0,Campus-3,False
895,8483007010,01a89744-c60f-4369-881f-4c7ec7f3f6f6,5,24.0,Campus-1,True
896,3423116714,bd5ae195-534e-4907-b1d3-de3ba68b359c,6,25.0,Campus-2,False
897,0801096677,8c57f2a5-d174-4174-b955-9485b06c83dc,7,26.0,Campus-3,False
898,0152012966,cc7e3d10-cb31-415b-9c4c-5e3941eede18,8,27.0,Campus-1,True
899,0312995431,8fda44ef-f22c-4b43-8272-1d7dcec70b4e,9,28.0,Campus-2,False
900,0061009059,eacea447-0dad-442c-8e41-a7403b7433df,10,29.0,Campus-3,False
901,0330332775,851eb7c2-85b2-4cfe-878c-11f2d5cbb10f,1,30.0,Campus-1,True
902,0151001006,e38385bb-b6f8-4281-a146-40a88d8e8aaa,2,31.0,Campus-2,False
903,0345404793,b772a1c2-2f17-4e6d-bee3-d4bd6a60a60a,3,32.0,Campus-3,False
904,0515128554,08b99985-7ab6-454c-86ef-be5c325559cb,4,33.0,Campus-1,True
905,0451452755,f5dbebb0-db08-42d3-8a4f-4655f1fd1baf,5,34.0,Campus-2,False
906,0679801146,35199c9a-883a-4c5a-bd71-a9d7752fa72a,6,35.0,Campus-3,False
907,039456894X,e56954f4-5082-4461-9160-ae5668f65e4b,7,36.0,Campus-1,True
908,0439095026,96f7714a-e9d1-4656-8477-cdb0e844cf24,8,37.0,Campus-2,False
909,0866119566,7aa15d00-cbd9-440b-a649-f6cc383de8bf,9,38.0,Campus-3,False
910,3889774016,48602df1-7983-4b0b-8312-cf5a70b76523,10,39.0,Campus-1,True
911,8472224260,54ab33c3-4acb-470a-a0eb-39af1a243a54,1,40.0,Campus-2,False
912,0373836023,223cd25b-4760-41ef-898f-f14a65d28ede,2,41.0,Campus-3,False
913,0812504208,b51008e2-1bf5-41cd-b501-0083dfa232f8,3,42.0,Campus-1,True
914,0765341972,e0de6480-c522-4ae2-9a5d-73ec896ab49d,4,43.0,Campus-2,False
915,0312890044,5be6003e-5091-405c-a818-2ac711ac2c6a,5,44.0,Campus-3,False
916,0451526279,c216c89c-1fd3-400a-9cc1-31a7bf18ab9e,6,45.0,Campus-1,True
917,3257212054,e9161abe-340e-40ea-b3e1-be9589f51e3f,7,46.0,Campus-2,False
918,0380012863,fd3bc5c0-b436-4aa1-a4ac-ec1171f5b803,8,47.0,Campus-3,False
919,0816728739,8f852595-b9cc-4a19-8221-5d0bd595406d,9,48.0,Campus-1,True
920,3570300099,0ef225b7-1628-4b18-82d6-9cd6ac07126f,10,49.0,Campus-2,False
921,0449211770,7de8e7fd-fbc3-4960-8a68-fd14f787257e,1,10.0,Campus-3,False
922,0375406328,2e00ad3c-e9c5-482a-8e6d-0e5379f52228,2,11.0,Campus-1,True
923,014023828X,2db6b240-da74-444f-bbce-d6ccd1a89dfb,3,12.0,Campus-2,False
924,0679733825,c246c3cd-dedb-4cce-a0c1-c97137eb1339,4,13.0,Campus-3,False
925,0743206053,7adad512-464f-4c85-830d-61cd544e6157,5,14.0,Campus-1,True
926,0553280589,a80987dd-9547-4a48-a030-82ad942e73bd,6,15.0,Campus-2,False
927,0440219604,2ce785e0-710c-4591-a525-1f707ed2bc3e,7,16.0,Campus-3,False
928,3499177757,87f45690-7895-42ab-9e48-cf07ea39e011,8,17.0,Campus-1,True
929,0553258524,37d7fb27-4162-49bf-8ebf-412a3e40c930,9,18.0,Campus-2,False
930,0380732335,46ddb0c7-91f9-42cc-bfa1-3b1718c15141,10,19.0,Campus-3,False
931,2266084372,017ce5d3-7d7b-4786-b3b8-640de250b44a,1,20.0,Campus-1,True
932,006015781X,4cc31122-3def-4773-ab46-d80c77fec481,2,21.0,Campus-2,False
933,0380710218,da96bf93-3fbf-4ae8-b414-f8a96514c225,3,22.0,Campus-3,False
934,8472238822,860b0136-319f-43a7-9db7-c5fb53feef85,4,23.0,Campus-1,True
935,1878424319,8164c336-68ff-4bf0-a0e6-6bc9001fbe2d,5,24.0,Campus-2,False
936,0670892963,d72e1e3e-f5b3-4357-be98-7a55e67aad26,6,25.0,Campus-3,False
937,0553579673,331e22db-364e-4b41-9474-ac43e8af63a5,7,26.0,Campus-1,True
938,0804117934,bf33eebd-f541-48d8-89f5-1fb80fe6f260,8,27.0,Campus-2,False
939,0385479689,c7428a08-2b3f-4cb4-838a-6d01d79eb42e,9,28.0,Campus-3,False
940,0060199563,a0c6dcf5-7f56-4733-9a2b-bbbca5d1be9a,10,29.0,Campus-1,True
941,3746670055,6e357c4f-4bdb-4596-953a-75d5c10599c9,1,30.0,Campus-2,False
942,8806142267,0f3d2dbf-08c1-4b97-bac2-3e0ac28b8ab2,2,31.0,Campus-3,False
943,8445071777,7e25ec8f-f863-4b96-bdce-edff2d8d2908,3,32.0,Campus-1,True
944,0743486226,fe30ce90-e121-47eb-b91d-5a1972735c17,4,33.0,Campus-2,False
945,0425142485,d5cf23df-d339-47a2-a512-b93909e3f2e9,5,34.0,Campus-3,False
946,0345354931,98182365-2ae2-4cb8-9c4c-ba7c7ace07bd,6,35.0,Campus-1,True
947,0671461494,a2fcf00c-7f9e-4c11-a32c-3a0c6d900146,7,36.0,Campus-2,False
948,0684848783,c8cffd2f-9ef8-4f0d-852d-68b100b1b605,8,37.0,Campus-3,False
949,0743458303,5aa59bb7-6217-4ed4-a27f-eb0facb25a6c,9,38.0,Campus-1,True
950,0747549923,49d9c29b-3b2e-4074-a3c4-cea7c3c05d22,10,39.0,Campus-2,False
951,0385335679,326f2513-69c9-4240-8fa9-0b69a6a983ca,1,40.0,Campus-3,False
952,0671504282,470eee8a-dc42-4a09-83b3-790c16ed6b0c,2,41.0,Campus-1,True
953,1857938011,90c4b473-0af9-49e8-b777-543b3a6b2c51,3,42.0,Campus-2,False
954,1555835953,8c471965-8c87-48e4-8288-a1933a9200a0,4,43.0,Campus-3,False
955,0963094424,946aaacc-b013-448f-963e-98b3dc68ae78,5,44.0,Campus-1,True
956,0966986105,1e05a0b4-ce43-46a1-92cf-27c045c33282,6,45.0,Campus-2,False
957,0440226104,e6dc23bb-fadb-401d-ad2c-efd18948ffdf,7,46.0,Campus-3,False
958,0316693200,3ea6de0e-5102-4f87-9f0b-87e7e6d78fbd,8,47.0,Campus-1,True
959,1886383421,b6d60abd-288c-4409-8aa8-5d53ddbdf2a4,9,48.0,Campus-2,False
960,0345395379,ad88a20b-43c5-40fc-89bb-dbe4374b0a47,10,49.0,Campus-3,False
961,0394559487,cecd4d2e-c60e-4cf7-8881-11fa1ab9d92b,1,10.0,Campus-1,True
962,0060177586,2a70fd69-c878-461b-beb1-10dcddcb35e0,2,11.0,Campus-2,False
963,0805063897,e10b4fff-eff5-43d5-be06-6cca5a311af2,3,12.0,Campus-3,False
964,0385235941,a3924e91-cf59-4f24-800a-93813689503b,4,13.0,Campus-1,True
965,1877727083,2293eaf2-aee0-474f-8ff9-73fe8f6212bf,5,14.0,Campus-2,False
966,067175145X,b3cf6180-bb60-438b-ab8c-912434212042,6,15.0,Campus-3,False
967,0061099686,df159189-69d6-4a74-92b9-9c4d20b46ba5,7,16.0,Campus-1,True
968,0345379454,6dada192-e566-4f73-b108-668d7e083872,8,17.0,Campus-2,False
969,015600710X,57e05922-7e11-454e-90f8-3c7e8fc69de8,9,18.0,Campus-3,False
970,0385418493,c296b963-3fc2-463e-bca2-a973d18937c2,10,19.0,Campus-1,True
971,0590897985,ba2b5c5a-fee2-4c50-8c37-ae4b401c2664,1,20.0,Campus-2,False
972,0688163726,052e67b3-9cf5-46aa-b7dc-80f15f6ab607,2,21.0,Campus-3,False
973,057120354X,6caee1b1-19b3-4925-9dfa-e9ab85991a01,3,22.0,Campus-1,True
974,2253005274,c53ddae3-4620-489e-9cd3-789b3d994789,4,23.0,Campus-2,False
975,0451527747,7b148da1-4772-4707-b0e4-29ffedba5eba,5,24.0,Campus-3,False
976,0385496907,fd83558d-eada-463e-9e50-5f4a09fbaf9c,6,25.0,Campus-1,True
977,0835949362,ab4ad6a3-e99d-433f-9bda-91e01aeb41e5,7,26.0,Campus-2,False
978,1573229148,c44be5ad-0b92-4125-b2c7-7795e4dd8b4d,8,27.0,Campus-3,False
979,0312977905,9efd1306-48ee-47c1-a72b-ce9c792a28c4,9,28.0,Campus-1,True
980,0345428900,4a1c2bf6-a174-45fc-b301-e2246ce4671e,10,29.0,Campus-2,False
981,3442446937,e99e43b5-9fa4-4e54-ae99-0cb4226ceba7,1,30.0,Campus-3,False
982,0786863986,1fcb9b96-273a-4895-822d-c7bac74ad5bc,2,31.0,Campus-1,True
983,0140292918,5236ed27-b764-40b1-8dd0-e6065d640e72,3,32.0,Campus-2,False
984,1555834531,4f624b2c-450b-433b-ace7-09fd21f67e8e,4,33.0,Campus-3,False
985,0060804157,8d39d390-5a64-4945-8244-231ad0176e52,5,34.0,Campus-1,True
986,0394895894,c31bccd5-ae4c-49d1-aa23-ef2555fac828,6,35.0,Campus-2,False
987,067176537X,fa452609-df8a-4c70-8c5b-7ab2e73a4d3e,7,36.0,Campus-3,False
988,0439510112,88e3771f-f85a-4a17-b3fd-6986e5d72dc7,8,37.0,Campus-1,True
989,0060929790,bcd4b1b1-3774-45a1-959b-2f65a96373fa,9,38.0,Campus-2,False
990,0819154946,de56bb5a-ca35-4a7a-9ac4-7b89a1a2f141,10,39.0,Campus-3,False
991,0399137807,0cc089ba-ac9c-4dc6-a749-d7bd385954ab,1,40.0,Campus-1,True
992,0821770209,1d77a341-e090-4eed-85a7-a2f55352ba70,2,41.0,Campus-2,False
993,0060973129,2ef7b375-71eb-4fd2-9f8d-2b20b946f53e,3,42.0,Campus-3,False
994,0061052523,abaa6300-9b9c-4acd-a41b-df3e04a2a491,4,43.0,Campus-1,True
995,0198320264,e1b8d552-6c28-4ecc-be5c-2c72a2cec330,5,44.0,Campus-2,False
996,0451197275,39e41599-94a5-4acf-9113-6cfff081db41,6,45.0,Campus-3,False
997,0670844594,1782e790-b068-4c65-ad8e-a6de2d77dd5f,7,46.0,Campus-1,True
998,0385306032,5a201055-1037-4036-9d6f-5532c2a1b9d0,8,47.0,Campus-2,False
999,0440219078,951b49d1-39a3-4403-9975-6ece85101bff,9,48.0,Campus-3,False
1000,0679893105,7d92ef5c-3fd0-462d-a3fe-d5ec43d05ea3,10,49.0,Campus-1,True
